"cell","sc3_k3","sc3_k4","sc3_k5","sc3_k6","sc3_k7","sc3_k8"
"AAACATACAACCAC-1",2,1,1,4,5,5
"AAACATTGAGCTAC-1",3,3,4,3,4,2
"AAACATTGATCAGC-1",2,1,1,1,3,4
"AAACCGTGCTTCCG-1",1,2,3,2,1,1
"AAACCGTGTATGCG-1",3,4,5,6,7,7
"AAACGCACTGGTAC-1",2,1,1,1,2,3
"AAACGCTGACCAGT-1",3,4,5,4,5,6
"AAACGCTGGTTCTT-1",3,4,5,4,5,6
"AAACGCTGTAGCCA-1",3,4,5,4,5,6
"AAACGCTGTTTCTG-1",1,2,3,5,6,8
"AAACTTGAAAAACG-1",3,3,4,3,4,2
"AAACTTGATCCAGA-1",2,1,1,1,2,3
"AAAGAGACGAGATA-1",2,1,1,1,2,3
"AAAGAGACGCGAGA-1",1,2,3,2,1,1
"AAAGAGACGGACTT-1",3,4,5,4,5,6
"AAAGAGACGGCATT-1",2,1,1,1,2,3
"AAAGCAGATATCGG-1",1,2,3,2,1,1
"AAAGCCTGTATGCG-1",2,1,1,1,2,3
"AAAGGCCTGTCTAG-1",3,3,4,3,4,2
"AAAGTTTGATCACG-1",3,3,4,3,4,2
"AAAGTTTGGGGTGA-1",3,3,4,3,4,2
"AAAGTTTGTAGAGA-1",2,1,1,1,2,3
"AAAGTTTGTAGCGT-1",1,2,3,2,1,1
"AAATCAACAATGCC-1",3,3,4,3,4,2
"AAATCAACACCAGT-1",2,1,1,1,2,3
"AAATCAACCAGGAG-1",2,1,1,1,2,3
"AAATCAACCCTATT-1",1,2,3,5,6,8
"AAATCAACGGAAGC-1",2,1,1,1,2,3
"AAATCAACTCGCAA-1",2,1,1,1,3,4
"AAATCATGACCACA-1",1,2,3,5,6,8
"AAATCCCTCCACAA-1",3,4,5,4,5,6
"AAATCCCTGCTATG-1",3,3,4,3,4,2
"AAATGTTGAACGAA-1",1,2,3,2,1,1
"AAATGTTGCCACAA-1",2,1,1,1,2,3
"AAATGTTGTGGCAT-1",1,2,3,2,1,1
"AAATTCGAAGGTTC-1",2,1,1,1,3,5
"AAATTCGAATCACG-1",1,2,3,2,1,1
"AAATTCGAGCTGAT-1",1,2,3,5,6,8
"AAATTCGAGGAGTG-1",2,1,1,1,2,3
"AAATTCGATTCTCA-1",3,4,5,6,7,6
"AAATTGACACGACT-1",3,4,5,4,5,6
"AAATTGACTCGCTC-1",2,1,2,1,3,5
"AACAAACTCATTTC-1",2,1,1,1,3,4
"AACAAACTTTCGTT-1",2,1,1,1,2,3
"AACAATACGACGAG-1",2,1,1,1,2,3
"AACACGTGCAGAGG-1",2,1,1,1,2,3
"AACACGTGGAAAGT-1",2,1,1,1,2,3
"AACACGTGGAACCT-1",1,2,3,2,1,1
"AACACGTGGCTACA-1",2,1,1,1,2,3
"AACACGTGTACGAC-1",1,2,3,5,6,8
"AACAGCACAAGAGT-1",1,2,3,5,6,8
"AACATTGATGGGAG-1",1,2,3,5,6,8
"AACCAGTGATACCG-1",1,2,3,5,6,8
"AACCCAGATCGCTC-1",2,1,1,1,2,3
"AACCGATGCTCCCA-1",2,1,1,1,2,3
"AACCGATGGTCATG-1",3,3,4,3,4,2
"AACCGATGTTCTAC-1",1,2,3,2,1,1
"AACCGCCTAGCGTT-1",2,1,1,1,2,3
"AACCGCCTCTACGA-1",1,2,3,2,1,1
"AACCTACTGTGAGG-1",1,2,3,2,1,1
"AACCTACTGTGTTG-1",2,1,1,1,2,3
"AACCTTACGAGACG-1",2,1,1,1,2,3
"AACCTTACGCGAGA-1",3,4,5,6,7,7
"AACCTTACTAACGC-1",1,2,3,5,6,8
"AACCTTTGGACGGA-1",2,1,1,1,2,3
"AACCTTTGTACGCA-1",1,2,3,5,6,8
"AACGCAACAAGTAG-1",2,1,1,1,3,4
"AACGCATGACCCAA-1",2,1,1,1,2,3
"AACGCATGCCTTCG-1",2,1,1,1,2,3
"AACGCATGTACTTC-1",2,1,1,1,2,4
"AACGCCCTCGGGAA-1",2,1,1,1,3,4
"AACGCCCTCGTACA-1",3,4,5,6,7,7
"AACGCCCTGGCATT-1",2,1,1,1,3,4
"AACGTCGAGTATCG-1",3,4,5,6,7,7
"AACGTGTGAAAGCA-1",2,1,1,1,2,3
"AACGTGTGGCGGAA-1",3,3,4,3,4,2
"AACGTGTGTCCAAG-1",2,1,1,1,2,3
"AACGTGTGTGCTTT-1",2,1,1,1,3,3
"AACTACCTTAGAGA-1",2,1,1,1,2,3
"AACTCACTCAAGCT-1",1,2,3,2,1,1
"AACTCACTTGGAGG-1",1,2,3,2,1,1
"AACTCGGAAAGTGA-1",3,4,5,4,5,6
"AACTCGGAAGGTCT-1",1,2,3,2,1,1
"AACTCTTGCAGGAG-1",2,1,1,1,3,4
"AACTGTCTCCCTTG-1",1,2,3,2,1,1
"AACTTGCTACGCTA-1",3,3,4,3,4,2
"AACTTGCTGGGACA-1",2,1,1,1,2,3
"AAGAACGAGTGTTG-1",2,1,1,1,2,3
"AAGAAGACGTAGGG-1",3,3,4,3,4,2
"AAGACAGAAGTCTG-1",3,3,4,3,4,2
"AAGACAGAGGATCT-1",2,1,1,1,2,3
"AAGACAGATTACCT-1",1,2,3,2,1,1
"AAGAGATGGGTAGG-1",3,3,4,3,4,2
"AAGATGGAAAACAG-1",3,3,4,3,4,2
"AAGATGGAGAACTC-1",1,2,3,2,1,1
"AAGATGGAGATAAG-1",1,2,3,2,1,1
"AAGATTACAACCTG-1",2,1,1,1,2,3
"AAGATTACAGATCC-1",1,2,3,2,1,1
"AAGATTACCCGTTC-1",1,2,3,2,1,1
"AAGATTACCGCCTT-1",1,2,3,2,1,1
"AAGATTACCTCAAG-1",3,4,5,6,7,7
"AAGATTACTCCTCG-1",1,2,3,2,1,1
"AAGCAAGAGCGAGA-1",2,1,1,1,2,3
"AAGCAAGAGCTTAG-1",3,4,5,6,7,6
"AAGCAAGAGGTGTT-1",3,4,5,6,7,7
"AAGCACTGAGCAAA-1",3,3,4,3,4,2
"AAGCACTGCATACG-1",3,4,5,4,5,6
"AAGCACTGGTTCTT-1",3,3,4,3,4,2
"AAGCCAACGTGTTG-1",2,1,1,1,2,3
"AAGCCATGAACTGC-1",1,2,3,2,1,1
"AAGCCATGACACGT-1",1,2,3,2,1,1
"AAGCCATGCGTGAT-1",2,1,1,1,2,3
"AAGCCATGTCTCGC-1",3,4,5,4,5,6
"AAGCCTGACATGCA-1",2,1,1,1,3,5
"AAGCCTGACCGAAT-1",1,2,3,2,1,1
"AAGCGACTCCTCAC-1",1,2,3,2,1,1
"AAGCGACTGTGTCA-1",2,1,1,1,2,3
"AAGCGACTTACAGC-1",3,3,4,3,4,2
"AAGCGACTTTGACG-1",1,2,3,5,6,8
"AAGCGTACGTCTTT-1",2,1,2,4,5,6
"AAGGCTTGCGAACT-1",3,4,5,6,5,6
"AAGGTCACGGTTAC-1",1,2,3,2,1,1
"AAGGTCACTGTTTC-1",3,3,4,3,4,2
"AAGGTCACTTCCCG-1",3,4,5,4,5,6
"AAGGTCTGACAGTC-1",2,1,1,1,2,3
"AAGGTCTGCAGATC-1",2,1,1,1,2,3
"AAGTAACTCTGAAC-1",1,2,3,2,1,1
"AAGTAACTGAGATA-1",3,3,4,3,4,2
"AAGTAGGATACAGC-1",3,4,5,6,7,7
"AAGTATACCGAACT-1",2,1,1,1,2,3
"AAGTCCGACTTGTT-1",2,1,1,1,2,3
"AAGTCCGATAGAAG-1",2,1,1,1,2,3
"AAGTCTCTAGTCGT-1",2,1,1,1,2,3
"AAGTCTCTCGGAGA-1",3,4,5,4,5,6
"AAGTGGCTTGGAGG-1",3,3,4,3,4,2
"AAGTTCCTCATTCT-1",1,2,3,5,6,8
"AAGTTCCTTCTTAC-1",2,1,2,4,5,6
"AATAAGCTCGAATC-1",2,1,1,1,2,3
"AATAAGCTCGTTGA-1",2,1,1,1,2,3
"AATACCCTGGACGA-1",3,3,4,3,4,2
"AATACCCTGGCATT-1",2,1,1,1,2,3
"AATACTGAAAGGGC-1",3,4,5,6,7,7
"AATACTGAATTGGC-1",3,4,5,6,7,7
"AATAGGGAACCCTC-1",3,3,4,3,4,2
"AATAGGGAGAATGA-1",3,4,5,6,7,6
"AATCAAACTATCGG-1",3,4,5,6,7,6
"AATCCGGAATGCTG-1",3,3,4,3,4,2
"AATCCTACCGGTAT-1",2,1,1,1,2,3
"AATCCTTGACGGGA-1",1,2,3,2,1,1
"AATCCTTGGTGAGG-1",3,4,5,6,7,7
"AATCGGTGGAACTC-1",3,4,5,4,5,6
"AATCGGTGTGCTTT-1",2,1,1,1,2,3
"AATCTAGAAAAGTG-1",2,1,1,1,3,4
"AATCTAGAATCGGT-1",2,1,1,1,2,3
"AATCTCACAGCCTA-1",1,2,3,2,1,1
"AATCTCACTCTAGG-1",2,1,1,1,2,3
"AATCTCTGAACAGA-1",2,1,1,1,2,3
"AATCTCTGCTTTAC-1",3,4,5,6,7,7
"AATGATACACCAAC-1",3,4,5,6,7,6
"AATGATACGGTCAT-1",1,2,3,2,1,1
"AATGCGTGACACCA-1",3,3,4,3,4,2
"AATGCGTGGACGGA-1",1,2,3,2,1,1
"AATGCGTGGCTATG-1",3,3,4,3,4,2
"AATGGAGAATCGTG-1",1,2,3,2,1,1
"AATGGAGATCCTTA-1",3,4,5,4,5,6
"AATGGCTGACACCA-1",3,3,4,3,4,2
"AATGGCTGCGTGAT-1",2,1,1,1,3,4
"AATGGCTGTAAAGG-1",2,1,2,4,5,6
"AATGGCTGTACTCT-1",3,4,5,4,5,6
"AATGGCTGTGAAGA-1",2,1,1,1,2,3
"AATGTAACGGTGGA-1",2,1,1,1,2,3
"AATGTCCTCTTCTA-1",2,1,1,1,2,3
"AATGTTGACAGTCA-1",2,1,1,1,2,3
"AATGTTGAGTTGAC-1",1,2,3,2,1,1
"AATGTTGATCTACT-1",2,1,1,1,2,3
"AATTACGAATTCCT-1",1,2,3,2,1,1
"AATTACGACTTCTA-1",2,1,1,1,2,3
"AATTACGAGTGAGG-1",2,1,1,1,3,4
"AATTACGATTGGCA-1",3,3,4,3,4,2
"AATTCCTGCTCAGA-1",3,3,4,3,4,2
"AATTGATGTCGCAA-1",1,2,3,5,6,8
"AATTGTGACTTGGA-1",3,3,4,3,4,2
"ACAAAGGAGGGTGA-1",2,1,1,1,2,3
"ACAAATTGATTCTC-1",1,2,3,5,6,8
"ACAAATTGCTCAGA-1",1,2,3,2,1,1
"ACAAATTGTTGCGA-1",3,4,5,6,7,7
"ACAACCGAGGGATG-1",3,4,5,6,7,7
"ACAACCGAGTTACG-1",2,1,1,1,3,3
"ACAAGAGAAGTCGT-1",1,2,3,2,1,1
"ACAAGAGACTTATC-1",2,1,1,1,2,3
"ACAAGAGAGTTGAC-1",3,3,4,3,4,2
"ACAATCCTAACCGT-1",2,1,1,1,3,4
"ACAATCCTTAGCGT-1",3,3,4,3,4,2
"ACAATTGACTGACA-1",3,4,5,6,7,6
"ACAATTGATGACTG-1",3,4,5,6,7,7
"ACACAGACCATACG-1",3,4,5,4,5,6
"ACACCAGAGGGCAA-1",3,4,5,4,5,6
"ACACCCTGGTGTTG-1",3,4,5,6,7,7
"ACACGAACAGTTCG-1",2,1,1,4,5,5
"ACACGATGACGCAT-1",3,4,5,4,5,6
"ACACGATGATGTGC-1",1,2,3,2,1,1
"ACACGATGTCGTAG-1",3,4,5,4,5,6
"ACACGATGTGGTCA-1",3,4,5,4,5,6
"ACAGACACGGCATT-1",2,1,2,4,3,5
"ACAGACACGTTGTG-1",2,1,1,1,2,3
"ACAGCAACACCTAG-1",1,2,3,2,1,1
"ACAGCAACCTCAAG-1",1,2,3,5,6,8
"ACAGGTACCCCACT-1",2,1,1,1,2,3
"ACAGGTACGCTGTA-1",2,4,5,4,5,6
"ACAGGTACTGGTGT-1",3,4,5,6,7,7
"ACAGTCGACCCAAA-1",2,1,2,4,5,6
"ACAGTCGACCGATA-1",3,4,5,4,5,6
"ACAGTGACTCACCC-1",3,1,2,4,5,5
"ACAGTGACTCTATC-1",3,4,5,4,5,6
"ACAGTGTGGTCACA-1",2,1,1,1,2,3
"ACAGTGTGTTGCGA-1",1,2,3,2,1,1
"ACATCACTCTACTT-1",1,2,3,2,1,1
"ACATGGTGAAGCCT-1",2,1,1,1,2,3
"ACATGGTGCAACCA-1",3,3,4,3,4,2
"ACATGGTGCGAGTT-1",2,1,1,1,2,3
"ACATTCTGGCATAC-1",2,1,1,1,2,3
"ACATTCTGGGAACG-1",1,2,3,2,1,1
"ACCAACGACATGCA-1",2,1,1,1,2,3
"ACCACAGAAAGTAG-1",2,1,1,1,2,3
"ACCACAGAGTTGGT-1",2,1,1,1,2,3
"ACCACCTGTGTGCA-1",2,1,1,1,2,3
"ACCACGCTACAGCT-1",2,1,1,1,2,3
"ACCACGCTACCCAA-1",3,4,5,4,5,6
"ACCACGCTGCGAGA-1",2,1,2,1,3,5
"ACCACGCTGCTGTA-1",2,1,1,1,2,3
"ACCAGCCTGACAGG-1",2,1,1,1,2,3
"ACCAGTGAACGGTT-1",3,3,4,3,4,2
"ACCAGTGAATACCG-1",1,2,3,5,6,8
"ACCAGTGAGGGATG-1",2,1,1,1,2,3
"ACCAGTGATGACTG-1",1,2,3,2,1,1
"ACCATTACCTTCTA-1",2,1,1,1,2,3
"ACCATTACGAGATA-1",2,1,1,1,2,4
"ACCATTTGTCATTC-1",2,1,1,1,2,3
"ACCCAAGAACTGTG-1",3,4,5,4,5,6
"ACCCAAGAATTCCT-1",1,2,3,5,6,8
"ACCCAAGAGGACAG-1",2,1,1,1,2,3
"ACCCAAGATTCACT-1",3,3,4,3,4,2
"ACCCACTGCGCCTT-1",1,2,3,2,1,1
"ACCCACTGGACAGG-1",2,1,1,1,2,3
"ACCCACTGGTTCAG-1",2,1,1,4,2,4
"ACCCACTGTCGTAG-1",1,2,3,2,1,1
"ACCCAGCTCAGAAA-1",2,1,1,1,2,3
"ACCCAGCTGTTAGC-1",1,2,3,2,1,1
"ACCCAGCTTGCTTT-1",2,1,1,1,3,4
"ACCCGTTGATGACC-1",3,3,4,3,4,2
"ACCCGTTGCTGCAA-1",2,1,1,1,2,3
"ACCCGTTGCTTCTA-1",3,3,4,3,4,4
"ACCCTCGACCTATT-1",2,1,2,1,3,5
"ACCCTCGACGGTAT-1",3,3,4,3,4,2
"ACCCTCGATAAGGA-1",1,2,3,2,1,1
"ACCCTCGATCAAGC-1",1,2,3,5,6,8
"ACCGTGCTACCAGT-1",2,1,1,1,3,4
"ACCGTGCTGGAACG-1",3,3,4,3,4,2
"ACCTATTGCTGAGT-1",3,3,4,3,4,2
"ACCTATTGTGCCCT-1",1,2,3,5,6,8
"ACCTCCGAGTCCTC-1",2,1,1,1,2,3
"ACCTCCGATATGCG-1",2,1,1,1,3,3
"ACCTCCGATGCTGA-1",2,1,1,1,2,3
"ACCTCGTGAACCAC-1",3,4,5,4,5,6
"ACCTGAGATATCGG-1",1,2,3,2,1,1
"ACCTGGCTAAGTAG-1",3,4,5,6,7,7
"ACCTTTGACTCCCA-1",1,2,3,2,1,1
"ACCTTTGAGGAACG-1",1,2,3,2,1,1
"ACCTTTGAGGAAGC-1",1,2,3,5,6,8
"ACGAACACCTTGTT-1",3,4,5,6,7,7
"ACGAACTGGCTATG-1",1,2,3,5,6,8
"ACGAAGCTCTCCAC-1",2,1,1,1,2,3
"ACGAAGCTCTGAGT-1",3,3,4,3,4,2
"ACGACCCTATCTCT-1",1,2,3,2,1,1
"ACGACCCTGATGAA-1",3,4,5,4,5,6
"ACGACCCTTGACAC-1",3,3,4,3,4,2
"ACGACCCTTGACCA-1",2,1,1,1,2,3
"ACGAGGGACAGGAG-1",1,2,3,2,1,1
"ACGAGGGACGAACT-1",2,1,1,1,2,3
"ACGAGGGATGTAGC-1",2,1,1,1,3,4
"ACGAGTACCCTAAG-1",3,3,4,3,4,2
"ACGAGTACGAATCC-1",3,3,4,3,4,2
"ACGATCGAGGACTT-1",3,4,5,4,3,5
"ACGATCGAGTCACA-1",1,2,3,2,1,1
"ACGATGACAATGCC-1",2,1,1,1,3,4
"ACGATGACTGGTCA-1",2,1,1,1,2,4
"ACGATTCTACGGGA-1",3,4,5,4,5,6
"ACGCAATGGTTCAG-1",3,4,5,6,7,6
"ACGCACCTGTTAGC-1",3,3,4,3,4,2
"ACGCCACTGAACTC-1",1,2,3,2,1,1
"ACGCCGGAAACCAC-1",1,2,3,2,1,1
"ACGCCGGAAAGCCT-1",2,1,1,1,2,3
"ACGCCGGAAATGCC-1",2,1,1,1,2,3
"ACGCCTTGCTCCCA-1",1,2,3,5,6,8
"ACGCGGTGGCGAGA-1",2,1,1,1,2,3
"ACGCGGTGTGTGGT-1",3,3,4,3,4,2
"ACGCGGTGTTTGCT-1",3,4,5,6,7,6
"ACGCTCACAGTACC-1",2,1,1,1,2,3
"ACGCTCACCCTTGC-1",2,1,1,1,2,3
"ACGCTGCTGTTCTT-1",3,4,5,6,7,7
"ACGGAACTCAGATC-1",3,4,5,6,7,7
"ACGGAACTGTCGTA-1",1,2,3,5,6,8
"ACGGAGGACTCTTA-1",1,2,3,2,1,1
"ACGGATTGGGAGGT-1",3,3,4,3,4,2
"ACGGATTGGTTAGC-1",2,1,1,1,2,3
"ACGGCTCTGAGCAG-1",2,1,1,1,3,4
"ACGGCTCTTGCACA-1",2,1,1,1,2,3
"ACGGTAACCGCTAA-1",2,1,2,1,3,4
"ACGGTAACCTTCGC-1",3,4,5,6,7,6
"ACGGTAACGGTGGA-1",2,1,1,1,2,3
"ACGGTAACTCGCAA-1",3,4,5,4,5,6
"ACGGTATGAGTCGT-1",1,2,3,2,1,1
"ACGGTATGGGTATC-1",3,3,4,3,4,2
"ACGGTATGGTTGTG-1",3,3,4,3,4,2
"ACGGTCCTAACGGG-1",2,1,1,1,3,4
"ACGGTCCTCGGGAA-1",2,1,1,1,3,4
"ACGTAGACAACCAC-1",2,1,1,4,5,5
"ACGTAGACTACAGC-1",3,3,4,3,4,2
"ACGTCAGAAACGAA-1",2,1,1,1,2,3
"ACGTCAGAGAGCTT-1",1,2,3,2,1,1
"ACGTCAGAGGGATG-1",2,1,1,1,2,3
"ACGTCCTGATAAGG-1",1,2,3,2,1,1
"ACGTCCTGTGAACC-1",1,2,3,5,1,1
"ACGTCGCTCCTGAA-1",3,4,5,6,7,7
"ACGTCGCTCTATTC-1",1,2,3,2,1,1
"ACGTCGCTTCTCAT-1",3,3,4,3,4,2
"ACGTGATGCCATGA-1",1,2,3,2,1,1
"ACGTGATGGGTCTA-1",2,1,1,1,2,3
"ACGTGATGTAACCG-1",1,2,3,5,6,8
"ACGTGATGTGACAC-1",3,4,5,6,7,7
"ACGTGCCTCCGTAA-1",2,1,1,1,3,4
"ACGTGCCTTCTATC-1",3,4,5,6,7,6
"ACGTTACTTTCCAT-1",2,1,1,1,2,3
"ACGTTGGAAAAGCA-1",2,1,1,1,2,3
"ACGTTGGAAACCTG-1",3,4,5,4,5,6
"ACGTTGGACCGTAA-1",1,2,3,2,1,1
"ACGTTGGAGCCAAT-1",3,4,5,6,7,7
"ACGTTGGATATGGC-1",3,3,4,3,4,2
"ACGTTGGATCAGGT-1",1,2,3,2,1,1
"ACGTTTACATCAGC-1",2,1,1,1,2,3
"ACTAAAACCCACAA-1",3,4,5,4,5,6
"ACTAAAACTCGACA-1",1,2,3,2,1,1
"ACTACGGAATTTCC-1",2,1,1,1,2,3
"ACTACGGACCTATT-1",2,1,1,1,3,4
"ACTACGGATCGCTC-1",2,1,1,1,2,3
"ACTACTACTAAGGA-1",2,1,1,1,2,3
"ACTAGGTGGAACCT-1",3,4,5,4,5,6
"ACTAGGTGGAACTC-1",2,1,1,1,2,3
"ACTATCACCTTGGA-1",3,4,5,4,5,6
"ACTATCACTGCCAA-1",2,1,1,1,2,3
"ACTCAGGACTGAAC-1",2,1,1,1,2,3
"ACTCAGGATCTATC-1",3,3,4,3,4,2
"ACTCAGGATTCGTT-1",1,2,3,2,1,1
"ACTCCTCTCAACTG-1",2,1,1,1,3,4
"ACTCGCACGAAAGT-1",1,2,3,2,1,1
"ACTCGCACTACGAC-1",1,2,3,2,1,1
"ACTCTCCTGACACT-1",2,1,1,1,2,3
"ACTCTCCTGCATAC-1",2,1,1,1,2,3
"ACTCTCCTGTTTGG-1",2,1,1,1,2,3
"ACTGAGACAACCAC-1",3,4,5,4,5,6
"ACTGAGACCCATAG-1",1,2,3,5,6,8
"ACTGAGACGTTGGT-1",3,3,4,3,4,2
"ACTGCCACACACGT-1",3,4,5,4,5,6
"ACTGCCACTCCGTC-1",3,4,5,6,7,7
"ACTGGCCTTCAGTG-1",3,4,5,6,7,7
"ACTGTGGACGTGTA-1",3,4,5,6,7,6
"ACTGTGGATCTAGG-1",3,3,4,3,4,2
"ACTGTTACCCACAA-1",1,2,3,2,1,1
"ACTGTTACTGCAGT-1",2,1,1,1,2,3
"ACTTAAGAACCACA-1",2,1,1,1,2,3
"ACTTAAGATTACTC-1",1,2,3,2,1,1
"ACTTAGCTGCGTAT-1",1,2,3,5,6,8
"ACTTAGCTGGGAGT-1",2,1,1,1,2,3
"ACTTCAACAAGCAA-1",3,4,5,4,5,6
"ACTTCAACGTAGGG-1",3,4,5,6,7,7
"ACTTCCCTTTCCGC-1",2,1,1,1,2,3
"ACTTCTGACATGCA-1",3,3,4,3,4,2
"ACTTGACTCCACAA-1",3,3,4,3,4,2
"ACTTGGGAGAAAGT-1",1,2,3,2,1,1
"ACTTGGGAGGTTTG-1",2,4,2,4,5,6
"ACTTGGGATGTGAC-1",1,2,3,5,6,8
"ACTTGGGATTGACG-1",1,2,3,2,1,1
"ACTTGTACCTGTCC-1",2,1,1,1,2,3
"ACTTTGTGGAAAGT-1",2,1,1,1,2,3
"ACTTTGTGGATAGA-1",1,2,3,5,1,1
"AGAAACGAAAGTAG-1",3,3,4,3,4,2
"AGAAAGTGCGCAAT-1",2,1,1,1,2,3
"AGAAAGTGGGGATG-1",1,2,3,2,1,1
"AGAACAGAAATGCC-1",3,4,5,6,7,7
"AGAACAGACGACTA-1",3,3,4,3,4,2
"AGAACAGAGACAAA-1",2,1,1,1,3,4
"AGAACGCTTTGCTT-1",2,1,1,1,2,3
"AGAAGATGTGACTG-1",2,1,1,1,3,3
"AGAATGGAAGAAGT-1",3,4,5,6,7,6
"AGAATTTGTAACCG-1",2,1,1,1,3,4
"AGAATTTGTAGAGA-1",2,1,1,1,2,3
"AGACACACTGTAGC-1",2,1,1,1,2,3
"AGACACTGTCAAGC-1",1,2,3,2,1,1
"AGACCTGAAGTAGA-1",1,2,3,2,1,1
"AGACCTGACCAACA-1",2,1,1,1,2,3
"AGACCTGAGGAAGC-1",3,4,5,4,5,6
"AGACGTACAGAGGC-1",2,1,1,1,2,3
"AGACGTACCCCTAC-1",3,3,4,3,4,2
"AGACGTACCTCTTA-1",1,2,3,2,1,1
"AGACGTACTCGTGA-1",1,2,3,5,6,8
"AGACTGACCATCAG-1",3,4,5,4,5,6
"AGACTGACCCTTTA-1",2,1,1,1,2,3
"AGACTTCTCATGCA-1",3,3,4,3,4,2
"AGAGATGACAGTCA-1",3,3,4,3,4,2
"AGAGATGACTGAAC-1",2,1,1,1,2,3
"AGAGATGAGGTTTG-1",1,2,3,2,1,1
"AGAGATGATCTCGC-1",3,3,4,3,4,2
"AGAGATGATTGTGG-1",2,1,1,1,2,3
"AGAGCGGAGGCAAG-1",1,2,3,2,1,1
"AGAGTCTGGTCGTA-1",1,2,3,5,6,8
"AGAGTGCTCAGCTA-1",2,1,1,1,3,4
"AGAGTGCTCGAATC-1",2,1,1,1,2,3
"AGAGTGCTGTCATG-1",2,1,1,1,2,3
"AGAGTGCTGTCCTC-1",3,4,5,4,5,6
"AGAGTGCTGTGTTG-1",3,3,4,3,4,2
"AGATATACCCGTAA-1",3,4,5,6,7,7
"AGATATACGATGAA-1",2,1,1,1,3,4
"AGATATACTGTTCT-1",3,3,4,3,4,2
"AGATATTGCCTACC-1",3,4,5,4,5,6
"AGATATTGGCCAAT-1",1,2,3,2,1,1
"AGATCGTGTCTGGA-1",1,2,3,2,1,1
"AGATCGTGTTTGTC-1",3,3,4,3,4,2
"AGATCTCTATCACG-1",3,3,4,3,4,2
"AGATTAACGTTCTT-1",1,2,3,5,6,8
"AGATTCCTATCGTG-1",2,1,1,1,2,3
"AGATTCCTCACTTT-1",1,2,3,2,1,1
"AGATTCCTGACGAG-1",1,2,3,2,1,1
"AGATTCCTGTTCAG-1",3,4,5,6,7,7
"AGCAAAGATATGCG-1",2,1,1,1,2,3
"AGCACAACAGTCTG-1",2,1,1,1,2,3
"AGCACTGAGGGAGT-1",2,1,1,1,3,4
"AGCACTGATATGCG-1",2,1,1,1,2,3
"AGCACTGATGCTTT-1",1,2,3,2,1,1
"AGCACTGATTGCGA-1",2,1,1,1,2,3
"AGCATCGAAGATCC-1",2,1,1,1,2,3
"AGCATCGAAGGGTG-1",3,3,4,3,4,2
"AGCATCGAGCTTCC-1",1,2,3,2,1,1
"AGCATCGAGTGAGG-1",2,1,1,1,3,4
"AGCATCGATAACCG-1",1,2,3,2,1,1
"AGCATGACGATGAA-1",3,4,5,4,5,6
"AGCCAATGGGGAGT-1",1,2,3,5,6,8
"AGCCAATGTATCTC-1",2,1,1,1,2,3
"AGCCACCTGGATCT-1",3,4,5,4,5,6
"AGCCGGTGCCAATG-1",2,1,1,1,3,4
"AGCCGGTGTGTTTC-1",2,1,1,1,2,3
"AGCCGTCTCAATCG-1",2,1,1,1,2,3
"AGCCGTCTGAGAGC-1",2,1,1,1,2,5
"AGCCTCACGTTCGA-1",2,1,1,1,2,3
"AGCCTCACTGTCAG-1",1,2,3,5,6,8
"AGCCTCTGCAGTTG-1",3,3,4,3,4,2
"AGCCTCTGCCAATG-1",3,4,5,6,7,7
"AGCGAACTGGATCT-1",2,1,1,1,2,3
"AGCGAACTTACTGG-1",2,1,1,1,2,3
"AGCGATACGGAGCA-1",2,1,1,1,2,3
"AGCGATTGAGATCC-1",3,4,5,6,7,7
"AGCGCCGAATCTCT-1",2,1,1,1,2,3
"AGCGCCGACAGAGG-1",2,1,1,1,3,4
"AGCGCTCTACCTTT-1",2,1,1,1,2,3
"AGCGGCACCGGGAA-1",2,1,1,1,2,3
"AGCGGCTGATGTGC-1",2,1,1,1,2,3
"AGCGGGCTTGCCAA-1",2,1,1,1,3,4
"AGCGTAACATGCTG-1",2,1,1,1,3,4
"AGCGTAACTGAGAA-1",1,2,3,2,1,1
"AGCTCGCTACTGGT-1",2,1,1,1,2,3
"AGCTCGCTCTGCTC-1",2,1,1,1,2,3
"AGCTGAACCATACG-1",1,2,3,5,6,8
"AGCTGAACCTCTCG-1",2,1,1,1,3,4
"AGCTGCCTTGGGAG-1",1,2,3,2,1,1
"AGCTGCCTTTCATC-1",2,1,1,1,2,3
"AGCTGCCTTTCTGT-1",2,1,1,1,2,3
"AGCTGTGATCCAAG-1",2,1,1,1,2,3
"AGCTTTACAAGTAG-1",2,1,1,1,2,3
"AGCTTTACACCAAC-1",3,4,5,4,5,6
"AGCTTTACTCTCAT-1",3,3,4,3,4,2
"AGGAAATGAGGAGC-1",2,1,1,4,5,5
"AGGAACCTCTTAGG-1",1,2,3,5,6,8
"AGGAACCTTGCCTC-1",3,4,5,4,5,6
"AGGAATGATAACGC-1",2,1,1,1,2,3
"AGGAATGATTTGTC-1",2,1,1,1,3,4
"AGGAGTCTGGTTTG-1",2,1,1,1,2,3
"AGGAGTCTTGTCAG-1",2,1,1,1,2,3
"AGGATAGACATTTC-1",2,1,1,1,3,3
"AGGATAGAGGATTC-1",3,4,5,6,7,6
"AGGATGCTACTAGC-1",3,3,4,3,4,2
"AGGATGCTTTAGGC-1",3,4,5,6,7,7
"AGGCAACTGAAGGC-1",2,1,1,1,2,3
"AGGCAGGAGTACCA-1",3,4,5,4,5,6
"AGGCCTCTAGTCGT-1",2,1,1,1,3,4
"AGGCCTCTCGGAGA-1",2,1,1,1,2,3
"AGGCCTCTCGTAAC-1",2,1,1,1,2,3
"AGGGACGACGTTGA-1",2,1,1,1,2,3
"AGGGACGAGTCAAC-1",3,4,5,6,7,7
"AGGGACGAGTTGTG-1",2,1,1,1,2,3
"AGGGACGATAGAGA-1",3,4,5,4,5,6
"AGGGACGATGCATG-1",3,4,5,4,5,6
"AGGGAGTGAGCCTA-1",2,1,1,1,2,4
"AGGGCCACCATACG-1",2,1,1,1,2,3
"AGGGCGCTAACCAC-1",1,2,3,2,1,1
"AGGGCGCTATGGTC-1",2,1,1,1,2,3
"AGGGTGGACAGTCA-1",3,3,4,3,4,2
"AGGGTGGACTCAAG-1",1,2,3,2,1,1
"AGGGTGGAGTTGCA-1",3,4,5,4,5,6
"AGGGTTTGTTCATC-1",1,2,3,2,1,1
"AGGTCATGAGTGTC-1",3,3,4,3,4,2
"AGGTCATGCTTATC-1",3,4,5,4,5,6
"AGGTCTGATTCTCA-1",1,2,3,5,6,8
"AGGTGGGAAGAATG-1",2,1,1,1,2,3
"AGGTGGGAAGTTCG-1",2,1,1,1,2,3
"AGGTGTTGGTTACG-1",3,3,4,3,4,2
"AGGTTCGAACCTCC-1",1,2,3,2,1,1
"AGGTTCGAACGTAC-1",1,2,3,2,1,1
"AGGTTCGAGGGTGA-1",2,1,1,1,2,3
"AGTAAGGAGTTTGG-1",2,1,1,1,3,4
"AGTAAGGATTCTTG-1",2,1,1,1,3,4
"AGTAATACATCACG-1",3,4,5,6,7,7
"AGTAATACCGAACT-1",3,3,4,3,4,2
"AGTAATTGTCCCAC-1",2,1,1,1,2,3
"AGTACGTGAGGGTG-1",2,1,1,1,2,3
"AGTACGTGCTGCAA-1",2,1,1,1,2,3
"AGTACGTGCTTGGA-1",2,1,1,1,3,4
"AGTACTCTACGTGT-1",3,3,4,3,4,2
"AGTACTCTCAACCA-1",3,4,5,4,5,6
"AGTACTCTCGGTAT-1",2,1,1,1,3,4
"AGTAGGCTTGCCTC-1",1,2,3,5,6,8
"AGTATAACTTGTCT-1",1,2,3,5,6,8
"AGTATCCTAGAACA-1",2,1,1,1,2,3
"AGTCACGATGAGCT-1",3,4,5,6,7,7
"AGTCAGACGAATAG-1",2,1,1,1,2,3
"AGTCAGACGCTTAG-1",2,1,2,4,5,5
"AGTCAGACTAGAGA-1",3,4,5,4,5,6
"AGTCAGACTGCACA-1",2,1,1,1,3,4
"AGTCCAGATATCTC-1",2,1,1,1,2,3
"AGTCCAGATTTCAC-1",2,1,1,1,2,3
"AGTCGAACCAACCA-1",2,1,1,1,2,3
"AGTCGCCTCCGTAA-1",2,1,1,1,2,4
"AGTCTACTAGGGTG-1",1,2,3,2,1,1
"AGTCTACTTGCATG-1",1,2,3,5,6,8
"AGTCTTACACCACA-1",2,1,1,1,2,3
"AGTCTTACTTCGCC-1",3,4,5,4,5,6
"AGTCTTACTTCGGA-1",2,1,1,4,2,4
"AGTGACTGCAACTG-1",1,2,3,5,6,8
"AGTGTTCTAACCTG-1",2,1,1,1,3,4
"AGTGTTCTATAAGG-1",2,1,1,4,5,5
"AGTGTTCTCACTTT-1",1,2,3,2,1,1
"AGTTAAACCACTTT-1",2,1,1,1,3,4
"AGTTATGAACAGTC-1",1,2,3,2,1,1
"AGTTATGACTGAGT-1",2,1,1,1,3,4
"AGTTATGAGTTCAG-1",2,1,1,1,3,4
"AGTTCTACCAGCTA-1",1,2,3,2,1,1
"AGTTCTTGAAGCCT-1",3,4,5,4,5,6
"AGTTGTCTACTACG-1",2,1,1,1,2,3
"AGTTTAGATGGTCA-1",2,1,1,1,2,3
"AGTTTCACGGTCTA-1",3,4,5,4,5,6
"AGTTTGCTACAGTC-1",2,1,1,1,2,3
"AGTTTGCTACTGGT-1",3,4,5,4,7,6
"AGTTTGCTCCAAGT-1",2,1,1,1,2,3
"ATAAACACAGTGCT-1",3,3,4,3,4,2
"ATAAACACCACCAA-1",2,1,1,1,2,3
"ATAACAACATGCTG-1",1,2,3,2,1,1
"ATAACAACGTCTAG-1",2,1,1,1,3,4
"ATAACAACTTTGTC-1",2,1,1,1,2,3
"ATAACATGTACTCT-1",2,1,1,1,3,4
"ATAACCCTGTTGGT-1",3,1,2,4,5,6
"ATAACCCTTGGTAC-1",2,1,1,1,2,3
"ATAAGTACGAATGA-1",3,3,4,3,4,2
"ATAAGTTGGTACGT-1",1,2,3,5,6,8
"ATAAGTTGTCTAGG-1",2,1,1,1,3,4
"ATAATCGAGCTGAT-1",3,3,4,3,4,2
"ATAATCGATGGTTG-1",2,1,1,1,2,3
"ATAATGACCTACTT-1",2,1,1,1,3,3
"ATAATGACTCGTGA-1",1,2,3,2,1,1
"ATACAATGTTAGGC-1",2,1,1,1,2,3
"ATACCACTCGTACA-1",1,2,3,2,1,1
"ATACCACTCTAAGC-1",1,2,3,2,1,1
"ATACCACTGCCAAT-1",3,4,2,4,3,5
"ATACCGGAATGCTG-1",1,2,3,2,1,1
"ATACCGGACATTTC-1",1,2,3,2,1,1
"ATACCGGACTTCGC-1",2,1,1,1,3,4
"ATACCGGAGGTGTT-1",1,2,3,2,1,1
"ATACCGGATCTCGC-1",2,1,1,1,2,3
"ATACCTACGCATCA-1",2,1,1,1,2,3
"ATACCTTGGGGCAA-1",2,1,1,1,2,3
"ATACGGACAGACTC-1",1,2,3,2,1,1
"ATACGGACCTACTT-1",1,2,3,2,1,1
"ATACGGACGAGGTG-1",3,3,4,3,4,2
"ATACGGACTATGCG-1",3,3,4,3,4,2
"ATACGGACTCTGGA-1",1,2,3,2,1,1
"ATACGTCTTAACGC-1",1,2,3,2,1,1
"ATACTCTGCTTCGC-1",1,2,3,2,1,1
"ATACTCTGGTATGC-1",3,4,5,6,7,7
"ATAGATACCATGGT-1",2,1,1,1,3,4
"ATAGATACGACGAG-1",2,1,1,1,2,3
"ATAGATTGGTGTAC-1",3,3,4,3,4,2
"ATAGCCGAACGGAG-1",2,1,1,1,2,3
"ATAGCGTGCAGATC-1",2,1,1,1,2,3
"ATAGCGTGCCCTTG-1",1,2,3,2,1,1
"ATAGCGTGGTATCG-1",1,2,3,2,1,1
"ATAGCGTGTCTCTA-1",2,1,1,1,3,4
"ATAGCTCTCTGATG-1",2,1,1,1,2,3
"ATAGCTCTGAGGTG-1",2,1,1,1,2,3
"ATAGGAGAAACAGA-1",1,2,3,2,1,1
"ATAGGCTGTCAGAC-1",2,1,1,1,2,3
"ATAGTCCTAGTGTC-1",1,2,3,2,1,1
"ATAGTCCTTGCATG-1",2,1,2,4,5,6
"ATAGTCCTTGTCGA-1",2,1,1,1,2,3
"ATAGTTGACAACTG-1",2,1,1,1,2,3
"ATAGTTGACCCTCA-1",1,2,3,5,6,8
"ATAGTTGAGACGTT-1",2,1,1,1,2,3
"ATAGTTGATAAGCC-1",2,1,1,1,2,3
"ATATACGAAGCCAT-1",2,1,1,1,2,3
"ATATACGAATTGGC-1",2,1,1,1,3,4
"ATATAGTGGAATGA-1",1,2,3,2,1,1
"ATATGCCTAGATCC-1",1,2,3,2,1,1
"ATATGCCTGGACAG-1",2,1,1,1,2,3
"ATATGCCTTCTCTA-1",2,1,1,1,2,3
"ATATGCCTTGGTAC-1",2,1,1,1,2,3
"ATCAAATGAGCCTA-1",1,2,3,2,1,1
"ATCAAATGGGTAAA-1",1,2,3,5,6,8
"ATCAACCTAAACGA-1",2,1,1,1,2,3
"ATCAACCTGAGGAC-1",2,1,1,1,2,3
"ATCAACCTTCTCTA-1",3,4,5,4,5,6
"ATCAACCTTTGTCT-1",3,4,5,4,5,6
"ATCACACTTTGTCT-1",2,1,1,1,2,3
"ATCACGGATTTCGT-1",3,3,4,3,4,2
"ATCATCTGACACCA-1",2,1,1,4,2,4
"ATCATGCTAGAGTA-1",3,4,5,6,7,6
"ATCATGCTGAACCT-1",3,3,4,3,4,2
"ATCCAGGACGCTAA-1",1,2,3,5,6,8
"ATCCAGGATGGAAA-1",2,1,1,1,3,4
"ATCCATACTCCTTA-1",1,2,3,2,1,1
"ATCCATACTTCATC-1",1,2,3,5,6,8
"ATCCCGTGCAGTCA-1",3,4,5,6,7,7
"ATCCCGTGCATGCA-1",3,3,4,3,4,2
"ATCCCGTGGCTGAT-1",3,3,4,3,4,2
"ATCCGCACGCATCA-1",3,3,4,3,4,2
"ATCCTAACGACGGA-1",3,3,4,3,4,2
"ATCCTAACGCTACA-1",3,4,5,4,5,6
"ATCGACGAAACTGC-1",1,2,3,2,1,1
"ATCGACGAATGACC-1",2,1,1,1,2,3
"ATCGAGTGGACGTT-1",3,4,5,6,7,6
"ATCGCAGAATCTCT-1",1,2,3,5,6,8
"ATCGCAGAGTGTCA-1",3,3,4,3,4,2
"ATCGCCACTGAGGG-1",3,4,5,4,5,6
"ATCGCCTGGGTCAT-1",2,1,1,1,2,3
"ATCGCCTGTGGCAT-1",3,3,4,3,4,2
"ATCGCGCTCAGAGG-1",1,2,3,2,1,1
"ATCGCGCTGGGATG-1",2,1,1,1,3,4
"ATCGCGCTTTTCGT-1",3,3,4,3,4,2
"ATCGGAACCAGTCA-1",2,1,1,1,2,3
"ATCGGTGAGTCAAC-1",2,1,1,1,2,3
"ATCGGTGATTGCAG-1",2,1,1,1,2,3
"ATCGTTTGCCTACC-1",1,2,3,2,1,1
"ATCGTTTGGGTACT-1",1,2,3,2,1,1
"ATCGTTTGTGCCAA-1",1,2,3,2,1,1
"ATCTACACCCGCTT-1",1,2,3,2,1,1
"ATCTACACCGGGAA-1",2,1,1,1,2,3
"ATCTCAACAGGAGC-1",3,3,4,3,4,2
"ATCTCAACCTCGAA-1",2,1,1,1,2,3
"ATCTCAACCTTGTT-1",1,2,3,2,1,1
"ATCTGGGAAACCAC-1",1,2,3,2,1,1
"ATCTGGGAAGTGTC-1",1,2,3,2,1,1
"ATCTGGGATTCCGC-1",3,4,5,4,5,6
"ATCTGTTGAACGGG-1",2,1,1,1,3,4
"ATCTGTTGACCTCC-1",2,1,1,1,2,3
"ATCTGTTGCCTTCG-1",1,2,3,5,6,8
"ATCTGTTGGTTGCA-1",2,1,1,1,3,4
"ATCTTGACACCAAC-1",2,1,1,1,2,3
"ATCTTGACCTCCCA-1",1,2,3,2,1,1
"ATCTTTCTGCATCA-1",3,4,5,4,5,5
"ATCTTTCTGTTTCT-1",3,4,5,4,5,6
"ATCTTTCTTGTCCC-1",3,4,5,6,7,7
"ATGAAACTCTGTGA-1",2,1,1,1,3,5
"ATGAAACTGAGGCA-1",2,1,1,1,2,3
"ATGAAGGAACAGCT-1",3,4,5,4,5,6
"ATGAAGGACCTGTC-1",3,3,4,3,4,2
"ATGAAGGACCTTAT-1",3,3,4,3,4,2
"ATGAAGGACTAGTG-1",3,3,4,3,4,2
"ATGAAGGACTTGCC-1",3,4,5,6,7,7
"ATGACGTGACGACT-1",3,3,4,3,4,2
"ATGACGTGATCGGT-1",1,2,3,5,6,8
"ATGAGAGAAAGTGA-1",2,1,1,1,3,4
"ATGAGAGAACGCAT-1",2,1,1,1,3,4
"ATGAGAGAAGTAGA-1",3,3,4,3,4,2
"ATGAGCACACAGCT-1",2,1,1,1,2,3
"ATGAGCACATCTTC-1",2,1,1,1,2,3
"ATGATAACTTCACT-1",3,4,5,6,7,7
"ATGATATGAAACAG-1",2,1,1,1,2,3
"ATGATATGACTGGT-1",2,1,1,1,2,3
"ATGATATGAGCACT-1",2,1,1,1,2,3
"ATGATATGGTCATG-1",2,1,1,1,2,3
"ATGATATGGTGCTA-1",3,4,5,6,7,7
"ATGATATGTTGTCT-1",1,2,3,2,1,1
"ATGCACGAATGTCG-1",3,3,4,3,4,2
"ATGCACGACTGTAG-1",2,1,1,1,2,4
"ATGCACGAGAACCT-1",3,3,4,3,4,2
"ATGCACGAGTTCGA-1",2,1,1,1,2,3
"ATGCACGATTGGTG-1",1,2,3,2,1,1
"ATGCAGTGTTACCT-1",3,3,4,3,4,2
"ATGCAGTGTTCTAC-1",2,1,1,1,2,3
"ATGCCAGAACGACT-1",2,1,1,1,3,3
"ATGCCAGACAGTCA-1",1,2,3,2,1,1
"ATGCCGCTTGAACC-1",1,2,3,2,1,1
"ATGCGATGCTATGG-1",1,2,3,2,1,1
"ATGCGATGCTGAGT-1",2,1,1,1,3,4
"ATGCGATGGTTACG-1",3,3,4,3,4,2
"ATGCGCCTTCATTC-1",2,1,1,1,2,3
"ATGCTTTGCGAATC-1",2,1,1,1,3,4
"ATGCTTTGGGCGAA-1",3,4,5,4,5,6
"ATGCTTTGTAGTCG-1",3,3,4,3,4,2
"ATGGACACATCGGT-1",2,1,1,1,3,4
"ATGGACACGCATCA-1",3,4,5,6,7,7
"ATGGGTACAACCTG-1",3,3,4,3,4,2
"ATGGGTACATCGGT-1",3,4,5,6,7,7
"ATGGGTACTATTCC-1",2,1,1,1,3,4
"ATGGGTACTGGGAG-1",2,1,1,1,3,4
"ATGTAAACACCTCC-1",2,1,1,1,2,3
"ATGTAAACCCGCTT-1",2,1,1,1,2,3
"ATGTAAACGGGATG-1",1,2,3,2,1,1
"ATGTAAACTCTCCG-1",2,1,5,4,5,6
"ATGTAAACTTCACT-1",1,2,3,2,1,1
"ATGTACCTCAGTCA-1",2,1,1,1,3,4
"ATGTACCTTAGTCG-1",2,1,1,1,3,4
"ATGTACCTTTATCC-1",1,2,3,2,1,1
"ATGTACCTTTCACT-1",3,4,5,6,7,7
"ATGTCACTAATGCC-1",1,2,3,2,1,1
"ATGTCACTCTGCTC-1",2,1,1,1,2,3
"ATGTCGGAGGTGAG-1",2,1,1,1,3,4
"ATGTTCACAGTCTG-1",1,2,3,2,1,1
"ATGTTCACCGTAGT-1",2,1,1,1,3,4
"ATGTTGCTTTCAGG-1",2,1,1,1,3,4
"ATTAACGATGAGAA-1",3,4,5,6,7,6
"ATTAACGATGCAAC-1",3,4,5,6,7,6
"ATTAAGACTGCAGT-1",2,1,1,1,3,4
"ATTACCTGCCTTAT-1",1,2,3,2,1,1
"ATTACCTGGAGGAC-1",1,2,3,5,6,8
"ATTAGATGTTTCAC-1",2,1,1,1,2,3
"ATTATGGAATCTCT-1",2,1,1,1,2,3
"ATTCAAGAACGGGA-1",2,1,1,1,2,3
"ATTCAAGACCTTTA-1",2,1,1,1,3,4
"ATTCAGCTCATTGG-1",2,1,1,4,2,4
"ATTCCAACCATTGG-1",1,2,3,2,1,1
"ATTCCAACTTAGGC-1",3,4,5,6,7,7
"ATTCGACTCACTAG-1",2,1,2,4,5,6
"ATTCGACTGAATAG-1",1,2,3,2,1,1
"ATTCGACTTTTGTC-1",1,2,3,5,6,8
"ATTCGGGAAAGGCG-1",1,2,3,2,1,1
"ATTCGGGATTAGGC-1",2,1,1,1,2,3
"ATTCTTCTGATACC-1",3,4,5,4,5,6
"ATTGAATGGACGGA-1",2,1,1,1,3,4
"ATTGATGAAGGTTC-1",2,1,1,1,2,3
"ATTGATGACTGAGT-1",2,1,1,1,3,3
"ATTGATGAGCGAAG-1",2,1,1,1,2,3
"ATTGATGATCTATC-1",2,1,1,1,2,3
"ATTGCACTGACGGA-1",2,1,1,1,2,3
"ATTGCACTGAGAGC-1",1,2,3,5,6,8
"ATTGCACTGGAGCA-1",1,2,3,2,1,1
"ATTGCACTTAGCCA-1",2,1,1,1,2,3
"ATTGCACTTGCTTT-1",1,2,3,5,6,8
"ATTGCTTGTTACTC-1",3,3,4,3,4,2
"ATTGGTCTGACTAC-1",3,3,4,3,4,2
"ATTGGTCTTGTCTT-1",3,3,4,3,4,2
"ATTGTAGATTCCCG-1",1,2,3,2,1,1
"ATTGTAGATTGCAG-1",2,1,2,1,3,5
"ATTGTCTGCGTACA-1",2,1,1,1,3,4
"ATTTAGGAACCATG-1",1,2,3,5,6,8
"ATTTAGGACAGAGG-1",2,1,1,1,2,3
"ATTTCCGAGATGAA-1",2,1,1,1,2,3
"ATTTCCGAGTGCTA-1",2,1,1,1,2,4
"ATTTCGTGTATGGC-1",3,4,5,6,7,7
"ATTTCTCTACTTTC-1",1,2,3,5,6,8
"ATTTCTCTAGCAAA-1",2,1,1,1,3,4
"ATTTCTCTCACTTT-1",1,2,3,5,6,8
"ATTTCTCTTCCCAC-1",2,1,1,1,2,3
"ATTTGCACAAGATG-1",1,2,3,2,1,1
"CAAAGCACAGCTCA-1",2,1,1,1,2,3
"CAAAGCACCGTAAC-1",3,3,4,3,4,2
"CAAAGCACGGTAAA-1",3,4,5,6,7,6
"CAAAGCTGAAAGTG-1",2,1,1,4,5,5
"CAAAGCTGTTGCTT-1",1,2,3,2,1,1
"CAAATATGTGACAC-1",2,1,1,1,2,3
"CAAATTGAGGGCAA-1",2,1,1,1,3,3
"CAAATTGATGGAGG-1",1,2,3,2,1,1
"CAACCAGAAAAGTG-1",2,1,1,1,2,3
"CAACCAGAAGTGCT-1",2,1,1,1,3,4
"CAACCAGAGTTCAG-1",1,2,3,2,1,1
"CAACCAGATAGAAG-1",1,2,3,2,1,1
"CAACCGCTGTTCAG-1",2,1,1,1,2,3
"CAACCGCTTTGAGC-1",2,1,1,1,3,4
"CAACGATGCGCAAT-1",1,2,3,5,6,8
"CAACGTGACTCCAC-1",1,2,3,2,1,1
"CAACGTGAGCCATA-1",3,4,5,6,7,6
"CAACGTGATCAAGC-1",1,2,3,2,1,1
"CAAGAAGACCACAA-1",3,4,5,4,5,6
"CAAGAAGACGTCTC-1",1,2,3,2,1,1
"CAAGAAGATTCTAC-1",2,1,1,1,2,3
"CAAGACTGACCTGA-1",3,3,4,3,4,2
"CAAGACTGAGTAGA-1",3,3,4,3,4,2
"CAAGCTGACCATAG-1",1,2,3,5,6,8
"CAAGCTGATCTATC-1",3,4,5,6,7,6
"CAAGGACTGTTCAG-1",2,1,1,1,2,3
"CAAGGACTTCTTTG-1",3,4,5,4,5,6
"CAAGGTTGCTCCAC-1",2,1,1,1,2,3
"CAAGGTTGTCATTC-1",3,3,4,3,4,2
"CAAGGTTGTCTGGA-1",3,4,5,6,7,7
"CAAGTCGAAACAGA-1",3,3,4,3,4,2
"CAAGTCGATAGCGT-1",1,2,3,2,1,1
"CAATAAACGCCATA-1",1,2,3,2,1,1
"CAATAATGAACTGC-1",1,2,3,2,1,1
"CAATATGACATGGT-1",2,1,1,1,2,3
"CAATATGACCTTCG-1",3,4,5,6,7,6
"CAATATGACGTTAG-1",2,1,1,1,2,3
"CAATATGAGGAGCA-1",2,1,1,1,3,3
"CAATCGGAGAAACA-1",2,1,1,1,3,3
"CAATCTACTGACTG-1",3,4,5,6,7,7
"CAATTCACCCAACA-1",3,4,5,6,7,6
"CAATTCACGATAGA-1",2,1,1,1,2,3
"CAATTCACTTGTGG-1",2,1,1,1,2,3
"CAATTCTGCTTGTT-1",1,2,3,2,1,1
"CAATTCTGGCGTAT-1",1,2,3,2,1,1
"CACAACGATACGAC-1",2,1,1,1,2,3
"CACAATCTTGTTCT-1",3,4,5,4,5,6
"CACAATCTTTCCAT-1",2,4,5,4,5,6
"CACACCTGCTTGAG-1",2,1,1,1,3,4
"CACACCTGTATGGC-1",2,1,1,1,3,3
"CACAGAACCCTTGC-1",3,3,4,3,4,2
"CACAGAACCTGATG-1",2,1,1,1,3,4
"CACAGATGGGATTC-1",2,1,2,1,2,3
"CACAGATGGTTTCT-1",1,2,3,2,1,1
"CACAGCCTGATACC-1",2,1,1,4,5,5
"CACAGCCTTGCCAA-1",1,2,3,5,6,8
"CACAGCCTTGTAGC-1",2,1,1,1,3,4
"CACAGTGATGAAGA-1",1,2,3,2,1,1
"CACATACTACAGCT-1",3,4,5,4,5,6
"CACATGGAACACGT-1",2,1,1,1,2,3
"CACATGGAAGTCGT-1",2,1,1,1,2,3
"CACCACTGCCAACA-1",2,1,1,1,2,3
"CACCACTGGCGAAG-1",3,4,5,6,7,6
"CACCCATGTTCTGT-1",3,4,5,4,5,6
"CACCGGGAATCGAC-1",2,1,1,1,3,4
"CACCGGGACGAGAG-1",3,4,5,6,7,6
"CACCGGGACGTGTA-1",2,1,1,1,2,3
"CACCGGGACTTCTA-1",3,4,5,4,5,6
"CACCGGGACTTGCC-1",3,4,5,6,5,6
"CACCGGGATTCGGA-1",3,4,5,6,7,6
"CACCGTACTAAGGA-1",3,3,4,3,4,2
"CACCGTACTAGCGT-1",2,1,1,1,2,3
"CACCTGACACCCAA-1",3,4,5,6,7,6
"CACCTGACCAGAAA-1",2,1,1,1,3,4
"CACCTGACCTCAAG-1",3,4,5,4,5,6
"CACCTGACGAAAGT-1",3,3,4,3,4,2
"CACCTGACTCGTAG-1",2,1,1,1,2,3
"CACGAAACTTCCGC-1",3,3,4,3,4,2
"CACGACCTCGATAC-1",3,3,4,3,4,2
"CACGCTACAGAAGT-1",2,1,1,1,2,3
"CACGCTACTGTTCT-1",3,3,4,3,4,2
"CACGGGACAGAGTA-1",2,1,1,1,2,3
"CACGGGACATAAGG-1",2,1,1,1,2,3
"CACGGGACGTAGGG-1",2,1,1,1,2,3
"CACGGGTGCTTCGC-1",3,4,5,6,7,6
"CACGGGTGGAGGAC-1",3,4,5,6,7,7
"CACGGGTGTGTTTC-1",2,1,1,1,2,3
"CACTAACTCCTAAG-1",3,3,4,3,4,2
"CACTAACTGAAAGT-1",2,1,1,1,2,3
"CACTAGGATGATGC-1",3,3,4,3,4,2
"CACTATACCCCGTT-1",3,3,4,3,4,2
"CACTATACGTTTGG-1",3,4,5,6,7,6
"CACTGAGACAGTCA-1",1,2,3,2,1,1
"CACTGCACTTCATC-1",2,1,1,1,2,3
"CACTGCTGAGACTC-1",1,2,3,5,6,8
"CACTGCTGGAAAGT-1",2,1,1,1,3,4
"CACTTAACCGAATC-1",2,1,1,1,3,4
"CACTTAACCGTACA-1",3,3,4,3,4,2
"CACTTTGACTCTAT-1",3,4,5,4,5,6
"CACTTTGAGCTGTA-1",3,4,5,4,5,6
"CAGAAGCTCTCAAG-1",2,1,1,1,2,3
"CAGACATGAACGGG-1",2,1,1,1,2,3
"CAGACATGTCGACA-1",2,1,1,1,3,4
"CAGACCCTAAGGTA-1",1,2,3,5,6,8
"CAGACCCTAATGCC-1",2,1,1,1,3,4
"CAGACCCTAGGAGC-1",2,1,1,1,2,3
"CAGACTGAGTATGC-1",2,1,1,1,3,3
"CAGATCGAATGTCG-1",3,3,4,3,4,2
"CAGATCGACCTGAA-1",3,4,5,4,5,6
"CAGATCGATATGGC-1",2,1,1,1,2,3
"CAGATGACATTCTC-1",3,4,5,6,7,7
"CAGCAATGCCTTCG-1",2,1,1,1,2,3
"CAGCAATGGAGGGT-1",3,4,5,6,7,7
"CAGCAATGGTGCTA-1",2,1,1,1,3,5
"CAGCAATGTCTACT-1",1,2,3,2,1,1
"CAGCAATGTGACCA-1",2,1,1,1,3,4
"CAGCAATGTGAGGG-1",1,2,3,2,1,1
"CAGCACCTAAGCCT-1",2,1,1,1,2,3
"CAGCACCTAGGCGA-1",2,1,1,1,2,3
"CAGCACCTGTAGGG-1",1,2,3,2,1,1
"CAGCATGACAACCA-1",1,2,3,2,1,1
"CAGCATGAGACGTT-1",3,4,5,4,5,5
"CAGCCTACCCAACA-1",2,1,1,1,3,4
"CAGCCTTGCTACCC-1",1,2,3,2,1,1
"CAGCCTTGGGGACA-1",2,1,1,1,2,4
"CAGCGGACACCCTC-1",2,1,1,1,2,3
"CAGCGGACCTTTAC-1",3,4,5,6,7,7
"CAGCGTCTAAAGCA-1",2,1,1,1,2,3
"CAGCGTCTTATCGG-1",2,1,1,1,2,3
"CAGCTAGATGTGAC-1",1,2,3,2,1,1
"CAGCTCTGAGGCGA-1",2,1,1,1,3,4
"CAGCTCTGCAAGCT-1",3,4,5,6,7,6
"CAGCTCTGTCGTAG-1",1,2,3,2,1,1
"CAGCTCTGTGTGGT-1",3,4,5,6,7,7
"CAGGAACTAACTGC-1",3,4,5,4,5,6
"CAGGAACTCTCAGA-1",1,2,3,2,1,1
"CAGGCCGAACACCA-1",2,1,1,1,2,3
"CAGGCCGAACACGT-1",2,1,1,1,3,4
"CAGGCCGAACGACT-1",2,1,1,1,3,4
"CAGGCCGAATCTCT-1",1,2,3,5,6,8
"CAGGCCGACTAGCA-1",3,3,4,3,4,2
"CAGGGCACCATACG-1",3,3,4,3,4,2
"CAGGGCACCCAACA-1",2,1,1,1,2,3
"CAGGGCACTCCCGT-1",2,1,1,1,2,3
"CAGGTAACAGACTC-1",1,2,3,2,1,1
"CAGGTATGAGTCGT-1",2,1,1,1,2,3
"CAGGTATGTGCTTT-1",2,1,1,1,3,4
"CAGGTTGAGGATCT-1",3,3,4,3,4,2
"CAGTGATGGACGGA-1",3,3,4,3,4,2
"CAGTGATGGCTAAC-1",3,4,5,6,7,7
"CAGTGATGGGACAG-1",2,1,1,1,3,4
"CAGTGATGTAAGGA-1",3,3,4,3,4,2
"CAGTGATGTACGCA-1",2,1,1,1,2,3
"CAGTGTGATGTCAG-1",2,1,1,1,2,3
"CAGTTACTAAGGTA-1",3,3,4,3,4,2
"CAGTTACTGATAGA-1",2,1,1,1,3,4
"CAGTTGGAAAGAGT-1",1,2,3,2,1,1
"CAGTTGGACATACG-1",2,1,1,1,2,3
"CAGTTTACACACGT-1",3,4,5,6,7,7
"CAGTTTACCCCAAA-1",2,1,1,1,2,3
"CATAAAACGGAGCA-1",1,2,3,2,1,1
"CATAAATGAACTGC-1",2,1,1,1,2,3
"CATAACCTTCTCCG-1",2,1,1,1,3,4
"CATACTACCTCGAA-1",2,1,1,1,2,3
"CATACTACCTGAAC-1",2,1,1,1,2,3
"CATACTACGTACCA-1",1,2,3,5,1,1
"CATACTTGGGTTAC-1",1,2,3,5,6,8
"CATAGTCTAATCGC-1",2,1,1,1,2,3
"CATAGTCTCACTTT-1",2,1,1,1,2,4
"CATATAGACTAAGC-1",1,2,3,2,1,1
"CATATAGATCAGGT-1",3,3,4,3,4,2
"CATCAACTAGAAGT-1",2,1,1,1,2,3
"CATCAACTCCCTCA-1",2,1,1,1,3,3
"CATCAGGACTTCCG-1",3,4,5,6,7,7
"CATCAGGATAGCCA-1",3,4,5,6,7,7
"CATCAGGATCCTAT-1",1,2,3,5,6,8
"CATCAGGATGCACA-1",1,2,3,2,1,1
"CATCAGGATTTCGT-1",1,2,3,2,1,1
"CATCATACCGCATA-1",1,2,3,2,1,1
"CATCATACGGAGCA-1",3,3,4,3,4,2
"CATCATACTCAAGC-1",2,1,1,1,2,3
"CATCGCTGGGATCT-1",2,1,1,1,2,3
"CATCGCTGTGGCAT-1",3,3,4,3,4,2
"CATCGGCTATGCTG-1",2,1,1,1,2,3
"CATCGGCTTTGGCA-1",2,1,1,1,2,3
"CATCTCCTATGTGC-1",3,3,4,3,4,2
"CATCTCCTCGAACT-1",1,2,3,2,1,1
"CATGAGACACGGGA-1",3,3,4,3,4,2
"CATGAGACGTTGAC-1",3,4,5,6,7,7
"CATGAGACTCGCCT-1",2,1,1,1,2,3
"CATGCCACGGGTGA-1",2,1,1,1,2,3
"CATGCCACTGCCAA-1",2,1,1,1,3,4
"CATGCGCTAGTCAC-1",1,2,3,5,6,8
"CATGCGCTCAGATC-1",1,2,3,2,1,1
"CATGCGCTTTGCAG-1",1,2,3,5,6,8
"CATGGCCTAGGGTG-1",1,2,3,2,1,1
"CATGGCCTGTGCAT-1",2,1,1,1,2,3
"CATGTACTATCGTG-1",3,4,5,6,7,6
"CATGTTACAGTCGT-1",3,4,5,4,5,6
"CATGTTACCTGAGT-1",2,1,2,1,3,5
"CATGTTTGGGGATG-1",1,2,3,2,1,1
"CATTACACACGGAG-1",3,3,4,3,4,2
"CATTACACCAACTG-1",3,4,5,6,7,7
"CATTACACGGAGTG-1",2,1,1,1,2,3
"CATTACACTACTCT-1",2,1,1,1,2,3
"CATTAGCTCCACAA-1",1,2,3,2,1,1
"CATTGACTAGCGGA-1",1,2,3,2,1,1
"CATTGGGACTCGAA-1",2,1,1,1,3,4
"CATTGTACAGCGTT-1",2,1,1,1,2,3
"CATTGTACTCGATG-1",3,3,4,3,4,2
"CATTGTACTTATCC-1",2,1,1,1,2,3
"CATTGTACTTTGCT-1",1,2,3,5,6,8
"CATTGTTGCTAGTG-1",2,1,1,1,2,3
"CATTTCGACTCTAT-1",3,4,5,4,5,6
"CATTTCGAGATACC-1",3,4,5,6,7,7
"CATTTGACCACACA-1",3,4,5,4,5,6
"CATTTGACCCTGAA-1",3,4,5,4,5,6
"CATTTGTGACGACT-1",3,3,4,3,4,2
"CATTTGTGCATTGG-1",2,1,1,1,2,3
"CATTTGTGCGGAGA-1",2,1,1,1,2,3
"CATTTGTGGGATCT-1",3,3,4,3,4,2
"CCAAAGTGCTACGA-1",1,2,3,2,1,1
"CCAAAGTGTGAGAA-1",1,2,3,2,1,1
"CCAACCTGAAGTAG-1",3,4,5,6,7,7
"CCAACCTGACGTAC-1",1,2,3,2,1,1
"CCAACCTGTTCGCC-1",1,2,3,2,1,1
"CCAAGAACCCAATG-1",2,1,1,1,3,4
"CCAAGAACGTAGCT-1",2,1,1,1,3,4
"CCAAGAACGTGTCA-1",2,1,1,1,2,3
"CCAAGAACTACTGG-1",3,4,5,6,7,6
"CCAAGAACTCCTAT-1",3,3,4,3,4,2
"CCAAGATGTCATTC-1",2,1,1,1,2,3
"CCAAGATGTTTCAC-1",2,1,1,1,2,3
"CCAAGTGAGGAACG-1",2,1,1,1,2,3
"CCAAGTGATCAAGC-1",2,1,1,1,2,3
"CCAATTTGAACGTC-1",1,2,3,2,1,1
"CCACCATGAACGTC-1",2,1,1,1,2,3
"CCACCATGATCGGT-1",2,1,1,1,2,3
"CCACCATGGACGAG-1",1,2,3,5,6,8
"CCACCATGGGGAGT-1",2,1,1,1,2,3
"CCACCATGTCCTGC-1",3,4,5,6,5,6
"CCACTGACCCGCTT-1",1,2,3,2,1,1
"CCACTGTGGGAAGC-1",1,2,3,2,1,1
"CCACTGTGTGTAGC-1",2,1,1,1,3,3
"CCACTTCTCGGGAA-1",1,2,3,2,1,1
"CCAGAAACCCTGTC-1",3,3,4,3,4,2
"CCAGAAACGAACTC-1",2,1,1,1,3,4
"CCAGAAACGGTCTA-1",2,1,1,1,2,3
"CCAGACCTCTGAGT-1",1,2,3,2,1,1
"CCAGACCTTGTGGT-1",2,1,1,1,3,4
"CCAGCACTGCGATT-1",1,2,3,5,6,8
"CCAGCGGAAAGGCG-1",1,2,3,2,1,1
"CCAGCGGACGACTA-1",1,2,3,2,1,1
"CCAGCGGATGGGAG-1",2,1,1,1,2,3
"CCAGCTACACAGTC-1",2,1,1,1,2,3
"CCAGCTACCAGCTA-1",3,3,4,3,4,2
"CCAGGTCTACACCA-1",3,3,4,3,4,2
"CCAGGTCTAGCATC-1",1,2,3,2,1,1
"CCAGGTCTATGGTC-1",2,1,1,1,3,3
"CCAGTCACACTGGT-1",1,2,3,2,1,1
"CCAGTCACACTGTG-1",3,3,4,3,4,2
"CCAGTCACGTTGTG-1",2,1,1,1,2,3
"CCAGTGCTAACCAC-1",2,1,1,1,3,4
"CCAGTGCTCGTAGT-1",2,1,1,1,2,4
"CCATCCGAAAGCAA-1",2,1,1,1,3,4
"CCATCCGAACGACT-1",3,4,2,1,3,5
"CCATCCGAAGGTTC-1",3,3,4,3,4,2
"CCATCCGATTCGCC-1",1,2,3,2,1,1
"CCATCGTGAACGGG-1",2,1,1,1,3,4
"CCATCGTGCTAGAC-1",1,2,3,5,6,8
"CCCAACACCTCGCT-1",3,3,4,3,4,2
"CCCAACACGCATCA-1",2,1,1,1,2,3
"CCCAACACTTTGTC-1",1,2,3,2,1,1
"CCCAACTGCAATCG-1",1,2,3,2,1,1
"CCCAGACTGCCTTC-1",1,2,3,2,1,1
"CCCAGACTGGTTTG-1",3,3,4,3,4,2
"CCCAGACTTTCGCC-1",1,2,3,5,6,8
"CCCAGTTGCAGTTG-1",1,2,3,2,1,1
"CCCAGTTGGGTACT-1",2,1,1,1,3,4
"CCCAGTTGTCTATC-1",3,3,4,3,4,2
"CCCGATTGTGTTTC-1",2,1,1,1,2,3
"CCCGGAGAAGGGTG-1",1,2,3,2,1,1
"CCCTACGAATTGGC-1",1,2,3,2,1,1
"CCCTAGTGCAAAGA-1",2,1,1,1,3,4
"CCCTCAGACACTTT-1",3,3,4,3,4,2
"CCCTCAGACGAGAG-1",2,1,1,1,2,3
"CCCTCAGAGGTCAT-1",2,1,1,1,2,3
"CCCTGAACTAAAGG-1",3,3,4,3,4,2
"CCCTGATGCAACCA-1",2,1,1,1,3,4
"CCCTGATGCAAGCT-1",3,3,4,3,4,2
"CCCTTACTAACCAC-1",1,2,3,2,1,1
"CCCTTACTGCAGTT-1",2,4,2,4,5,5
"CCGAAAACCTTGTT-1",1,2,3,5,6,8
"CCGACACTGGTTTG-1",2,1,1,1,3,4
"CCGACTACCCAGTA-1",1,2,3,2,1,1
"CCGACTACCGTGTA-1",2,1,1,1,2,3
"CCGACTACTGAGGG-1",3,4,2,1,3,5
"CCGATAGACCTAAG-1",2,1,1,1,2,3
"CCGATAGAGTTGGT-1",1,2,3,2,1,1
"CCGCGAGACACACA-1",1,2,3,2,1,1
"CCGCGAGAGGTTCA-1",3,4,5,4,5,6
"CCGCTATGGGACGA-1",3,3,4,3,4,2
"CCGCTATGTGCAAC-1",1,2,3,2,1,1
"CCGCTATGTGCACA-1",1,2,3,2,1,1
"CCGGTACTGTCCTC-1",2,1,1,1,2,3
"CCGTACACAAGCAA-1",2,1,1,1,2,3
"CCGTACACAGCGTT-1",3,3,4,3,4,2
"CCGTACACGTCATG-1",3,4,5,6,7,6
"CCGTACACGTTGGT-1",1,2,3,2,1,1
"CCGTACACTAACGC-1",3,4,5,4,5,6
"CCTAAACTTTCGTT-1",2,1,1,1,2,3
"CCTAAGGACCCAAA-1",2,1,1,1,2,3
"CCTAAGGACTAGCA-1",1,2,3,2,1,1
"CCTAAGGAGGGCAA-1",3,4,5,4,5,6
"CCTAAGGATGATGC-1",2,1,1,1,2,3
"CCTAAGGATGTCAG-1",2,1,1,1,2,3
"CCTACCGACTCTTA-1",2,1,1,1,2,3
"CCTACCGAGGGATG-1",3,3,4,3,4,2
"CCTAGAGAGGTGAG-1",3,3,4,3,4,2
"CCTATAACCAAAGA-1",2,1,1,1,2,3
"CCTATAACGAGACG-1",1,2,3,5,6,8
"CCTATAACTCAGAC-1",2,1,1,1,2,3
"CCTATAACTGCATG-1",1,2,3,5,6,8
"CCTCGAACACTTTC-1",3,4,5,6,7,7
"CCTCGAACCCGTAA-1",1,2,3,5,6,8
"CCTCGAACGTATCG-1",2,1,1,1,2,3
"CCTCGAACTTACTC-1",2,1,1,1,3,4
"CCTCTACTCTTCGC-1",1,2,3,2,1,1
"CCTCTACTGGCATT-1",2,1,1,1,2,3
"CCTGACTGAAGTAG-1",3,4,5,4,5,6
"CCTGACTGGGGAGT-1",2,1,1,1,2,3
"CCTGACTGTGTCTT-1",3,3,4,3,4,2
"CCTGCAACACGTTG-1",1,2,3,2,1,1
"CCTGGACTCGTGAT-1",2,1,1,1,2,3
"CCTTAATGCCCAAA-1",3,3,4,3,4,2
"CCTTAATGTTCTAC-1",1,2,3,5,6,8
"CCTTCACTACGACT-1",2,1,1,1,2,3
"CCTTCACTCAGTCA-1",3,3,4,3,4,2
"CCTTCACTGGAGTG-1",1,2,3,2,1,1
"CCTTTAGATTCATC-1",1,2,3,2,1,1
"CGAACATGCCCTAC-1",1,2,3,2,1,1
"CGAACATGTCAGAC-1",2,1,1,1,3,4
"CGAAGACTGGAACG-1",3,4,5,4,5,6
"CGAAGACTGTTACG-1",2,1,1,1,3,4
"CGAAGGGAAACCTG-1",3,4,5,4,5,6
"CGAAGGGATCCGAA-1",3,3,4,3,4,2
"CGAAGTACCAACTG-1",3,3,4,3,4,2
"CGAATCGAGGAGCA-1",1,2,3,2,1,1
"CGAATCGAGGAGGT-1",2,1,1,1,2,3
"CGACAAACCCATAG-1",2,1,1,1,3,3
"CGACAAACCGACAT-1",3,3,4,3,4,2
"CGACCACTAAAGTG-1",3,4,5,6,7,7
"CGACCACTGCCAAT-1",3,4,5,6,7,7
"CGACCGGAAGGTCT-1",2,1,1,1,2,3
"CGACCGGATGGAAA-1",2,1,1,1,2,4
"CGACCTTGCTAGTG-1",2,1,1,1,2,3
"CGACGTCTATCGTG-1",3,4,5,4,5,6
"CGACGTCTCGTGTA-1",2,1,1,1,2,3
"CGACGTCTGAGGCA-1",2,1,1,1,3,3
"CGACTCACGTCGTA-1",2,1,1,1,2,3
"CGACTCACGTTGCA-1",2,1,1,4,2,5
"CGACTCTGTGTGAC-1",2,1,1,1,3,4
"CGACTGCTTCCTCG-1",1,2,3,2,1,1
"CGAGAACTAAGGCG-1",3,4,5,6,7,6
"CGAGAACTACGTTG-1",2,1,1,1,2,3
"CGAGAACTTGTTCT-1",1,2,3,2,1,1
"CGAGATTGGACACT-1",3,4,5,6,7,6
"CGAGATTGGCCATA-1",3,4,5,6,7,6
"CGAGCCGAACACCA-1",2,1,1,1,2,3
"CGAGCCGAGGCGAA-1",2,1,1,1,5,5
"CGAGCGTGCTCCAC-1",2,1,1,1,2,3
"CGAGCGTGGATACC-1",2,1,1,1,3,4
"CGAGCGTGTATGCG-1",1,2,3,2,1,1
"CGAGGAGACCTCCA-1",3,3,4,3,4,2
"CGAGGAGATGTCGA-1",2,1,1,1,2,3
"CGAGGCACCTATGG-1",3,4,5,6,7,6
"CGAGGCACTATGCG-1",1,2,3,2,1,1
"CGAGGCACTCTTCA-1",2,1,2,4,5,6
"CGAGGCTGACGCTA-1",3,4,5,6,7,7
"CGAGGCTGGCAGTT-1",1,2,3,2,1,1
"CGAGGGCTACGACT-1",3,3,4,3,4,2
"CGAGGGCTCGAATC-1",2,1,2,4,5,5
"CGAGTATGTCACCC-1",1,2,3,5,6,8
"CGATACGAACAGTC-1",1,2,3,2,1,1
"CGATACGACAGGAG-1",2,1,1,4,5,5
"CGATACGATTCACT-1",3,3,4,3,4,2
"CGATAGACCCGTAA-1",1,2,3,2,1,1
"CGATAGACCGTACA-1",2,1,1,1,3,4
"CGATAGACGTAGGG-1",1,2,3,2,1,1
"CGATAGACTGTTCT-1",2,1,1,1,2,3
"CGATCAGAAGAACA-1",3,4,5,4,5,6
"CGATCAGAGAGGGT-1",2,1,1,1,2,3
"CGATCAGAGGTACT-1",2,1,1,1,3,4
"CGATCAGATGTGAC-1",1,2,3,2,1,1
"CGATCCACCGGGAA-1",3,4,5,4,5,6
"CGATCCACTTCCAT-1",3,3,4,3,4,2
"CGCAAATGCTCGAA-1",2,1,1,1,2,3
"CGCAACCTCCTTGC-1",2,1,1,1,2,3
"CGCAACCTGGACGA-1",2,1,1,1,2,3
"CGCACGGAGGACGA-1",3,3,4,3,4,2
"CGCACGGATCTTTG-1",2,1,1,1,2,3
"CGCACTACAGAATG-1",2,1,1,1,3,3
"CGCACTACAGCCAT-1",2,1,1,1,3,4
"CGCACTACATTGGC-1",2,1,1,1,3,4
"CGCACTACTCGCCT-1",3,3,4,3,4,2
"CGCACTACTCGTGA-1",2,4,5,4,5,6
"CGCACTTGTCACGA-1",1,2,3,2,1,1
"CGCAGGACAGATCC-1",3,4,5,4,5,6
"CGCAGGACCTACTT-1",2,1,1,1,2,3
"CGCAGGACTTGTCT-1",1,2,3,5,6,8
"CGCAGGTGCACTGA-1",2,1,1,1,2,3
"CGCAGGTGCCATAG-1",1,2,3,5,6,8
"CGCAGGTGGGAACG-1",2,1,1,1,3,4
"CGCATAGATCACGA-1",1,2,3,2,1,1
"CGCCATACTGCAAC-1",2,1,1,1,2,3
"CGCCATTGAGAGGC-1",2,1,1,1,2,3
"CGCCATTGCTATGG-1",2,1,1,1,2,3
"CGCCATTGGAGACG-1",2,1,1,1,2,3
"CGCCATTGGAGCAG-1",3,3,4,3,4,2
"CGCCATTGTACTGG-1",3,3,4,3,4,2
"CGCCGAGAGCTTAG-1",3,4,5,6,7,7
"CGCCTAACGAATGA-1",1,2,3,2,1,1
"CGCCTAACTGCTCC-1",2,1,1,1,3,4
"CGCGAGACACAGCT-1",3,4,5,4,5,6
"CGCGAGACAGGTCT-1",3,3,4,3,4,2
"CGCGAGACGCTACA-1",2,1,2,4,5,5
"CGCGATCTCAGTCA-1",1,2,3,2,1,1
"CGCGATCTGTTGAC-1",1,2,3,2,1,1
"CGCGATCTTTCTTG-1",3,3,4,3,4,2
"CGCGGATGGCCAAT-1",2,1,1,1,3,4
"CGCTAAGAATGTCG-1",2,1,1,1,2,3
"CGCTAAGACAACTG-1",2,1,1,1,2,3
"CGCTAAGACCCTTG-1",2,1,1,1,2,3
"CGCTACTGAACAGA-1",1,2,3,2,1,1
"CGCTACTGAGAACA-1",2,1,1,1,2,3
"CGCTACTGTGAGCT-1",2,1,1,1,2,3
"CGCTACTGTTCCCG-1",3,4,5,6,7,6
"CGCTCATGCATTTC-1",1,2,3,2,1,1
"CGGAATTGGTTTGG-1",2,1,1,1,2,3
"CGGAATTGTGGAGG-1",2,1,1,1,2,3
"CGGACCGATGCGTA-1",3,4,5,6,7,6
"CGGACCGATGGGAG-1",2,1,1,1,2,3
"CGGACTCTAAACAG-1",3,3,4,3,4,2
"CGGACTCTCCAATG-1",2,1,1,1,3,4
"CGGACTCTCCTCGT-1",3,4,5,6,7,6
"CGGAGGCTATTCCT-1",2,1,1,1,2,3
"CGGAGGCTTGGATC-1",2,1,1,1,2,3
"CGGATAACAACGAA-1",1,2,3,2,1,1
"CGGATAACAGCTCA-1",2,1,1,1,2,4
"CGGATAACTCAGTG-1",1,2,3,2,1,1
"CGGCACGAACTCAG-1",3,4,5,4,5,6
"CGGCACGAAGGGTG-1",2,1,1,1,2,3
"CGGCACGACTACGA-1",1,2,3,5,6,8
"CGGCATCTTAGAAG-1",3,4,5,4,5,6
"CGGCATCTTCGTAG-1",1,2,3,2,1,1
"CGGCCAGAAAGGTA-1",2,1,1,1,2,3
"CGGCCAGAGAGGCA-1",3,4,5,6,7,6
"CGGCGAACCAGTCA-1",1,2,3,5,6,8
"CGGCGAACGACAAA-1",3,4,5,6,7,7
"CGGCGAACGGTCTA-1",2,1,1,1,3,3
"CGGCGAACTACTTC-1",3,4,5,6,7,7
"CGGGACTGCGTGTA-1",2,1,1,1,2,3
"CGGGACTGGAATAG-1",3,4,5,6,7,6
"CGGGCATGACCCAA-1",3,4,5,4,5,6
"CGGGCATGTCTCTA-1",3,4,5,6,7,7
"CGGGCATGTTGTGG-1",2,1,1,1,2,3
"CGGTAAACTCGCAA-1",2,1,2,1,5,5
"CGGTCACTGTTTGG-1",2,1,1,1,3,4
"CGGTCACTTACTTC-1",2,1,1,1,3,4
"CGTAACGATCGCCT-1",2,1,1,1,3,4
"CGTACCACACACAC-1",2,1,1,1,2,3
"CGTACCACACGTTG-1",2,1,1,1,2,3
"CGTACCACCTCATT-1",2,1,1,1,2,3
"CGTACCACGGAGCA-1",2,1,1,1,2,3
"CGTACCTGGCATCA-1",3,4,5,6,7,7
"CGTAGCCTCTCTCG-1",1,2,3,2,1,1
"CGTAGCCTGCGAAG-1",2,1,1,1,3,4
"CGTAGCCTGTATGC-1",1,2,3,5,6,8
"CGTCAAGAAAGGTA-1",1,2,3,2,1,1
"CGTCAAGAACGTGT-1",2,1,1,1,2,3
"CGTCAAGACAGAGG-1",2,1,1,1,3,4
"CGTCAAGACAGGAG-1",3,4,5,6,7,6
"CGTCCATGCTCTTA-1",2,1,1,1,3,4
"CGTCGACTTTCCGC-1",3,4,5,4,5,6
"CGTGATGACGCTAA-1",2,1,1,1,2,3
"CGTGATGAGGTTCA-1",2,1,2,4,5,5
"CGTGCACTTATGGC-1",1,2,3,2,1,1
"CGTGTAGAAAAACG-1",2,1,1,1,3,4
"CGTGTAGACGATAC-1",3,4,5,4,7,6
"CGTGTAGAGTTACG-1",3,4,5,6,7,7
"CGTGTAGAGTTCAG-1",1,2,3,2,1,1
"CGTGTAGATTCGGA-1",3,4,5,6,7,7
"CGTTAGGAAACCAC-1",2,1,1,1,2,3
"CGTTAGGATCATTC-1",1,2,3,2,1,1
"CGTTATACCCTGAA-1",3,4,5,6,7,6
"CGTTTAACTGGTCA-1",2,1,1,1,2,3
"CTAAACCTCTGACA-1",3,4,5,6,7,7
"CTAAACCTGTGCAT-1",3,3,4,3,4,2
"CTAACACTAACGTC-1",2,1,1,1,2,3
"CTAACACTAGTGCT-1",1,2,3,2,1,1
"CTAACGGAACCGAT-1",3,4,5,6,7,7
"CTAACGGATTTCTG-1",2,1,1,1,2,3
"CTAACTACGGCAAG-1",3,4,5,4,5,6
"CTAAGGACACCATG-1",2,1,1,1,2,3
"CTAAGGACCGTTAG-1",2,1,1,1,2,3
"CTAAGGACGCCATA-1",1,2,3,2,1,1
"CTAAGGTGCCTAAG-1",3,3,4,3,4,2
"CTAAGGTGTTGCAG-1",2,1,1,1,2,3
"CTAAGGTGTTTCTG-1",2,1,1,1,2,3
"CTAATAGAGCTATG-1",2,1,1,1,2,3
"CTAATGCTTGTGGT-1",1,2,3,2,1,1
"CTACAACTCCCGTT-1",3,4,5,6,7,6
"CTACCTCTCAACCA-1",3,4,5,4,5,6
"CTACGCACACCTAG-1",1,2,3,5,6,8
"CTACGCACTCTCCG-1",2,1,1,1,2,3
"CTACGCACTGGTCA-1",3,4,5,6,7,6
"CTACGGCTTTCTTG-1",1,2,3,2,1,1
"CTACTATGAACCAC-1",1,2,3,2,1,1
"CTACTATGATGTGC-1",1,2,3,2,1,1
"CTACTATGCTAAGC-1",2,1,2,4,5,5
"CTACTATGTAAAGG-1",3,3,4,3,4,2
"CTACTCCTATGTCG-1",3,4,5,6,7,7
"CTACTCCTGCCATA-1",1,2,3,2,1,1
"CTAGAGACACTTTC-1",2,1,1,1,2,3
"CTAGAGACAGCATC-1",3,4,5,6,7,6
"CTAGAGACTTTGGG-1",1,2,3,2,1,1
"CTAGATCTCTCTAT-1",2,1,1,1,2,3
"CTAGATCTTCGACA-1",2,1,1,1,2,3
"CTAGGATGAGCCTA-1",2,1,2,1,3,4
"CTAGGATGATCGTG-1",3,3,4,3,4,2
"CTAGGCCTCTCAGA-1",2,1,1,1,2,3
"CTAGGTGATGGTTG-1",1,2,3,5,6,8
"CTAGTTACCAGAGG-1",2,1,1,1,2,3
"CTAGTTACCGCATA-1",2,1,1,1,2,3
"CTAGTTACGAAACA-1",3,4,5,6,7,7
"CTATAAGATCGTTT-1",3,3,4,3,4,2
"CTATACTGAGGTTC-1",1,2,3,2,1,1
"CTATACTGCCAGTA-1",2,1,1,1,3,4
"CTATACTGCGCTAA-1",1,2,3,2,1,1
"CTATACTGCTACGA-1",3,4,5,6,7,7
"CTATACTGTCTCAT-1",3,4,5,6,7,7
"CTATACTGTTCGTT-1",2,1,1,1,2,4
"CTATAGCTGTCACA-1",2,1,1,1,2,3
"CTATAGCTTCGCTC-1",1,2,3,2,1,1
"CTATAGCTTGCCTC-1",1,2,3,2,1,1
"CTATCAACGAACTC-1",2,1,1,1,3,4
"CTATCAACGCAGAG-1",2,1,1,1,3,4
"CTATCAACTTTGGG-1",2,1,1,1,2,3
"CTATCCCTCCACCT-1",1,2,3,2,1,1
"CTATGTACGAGAGC-1",2,1,1,1,3,4
"CTATGTACGCTTAG-1",2,1,1,1,2,3
"CTATGTACTGTTTC-1",3,3,4,3,4,2
"CTATGTTGAAAGCA-1",2,1,1,1,2,3
"CTATGTTGTCCTCG-1",2,1,1,1,2,3
"CTATGTTGTCTCGC-1",2,1,1,1,3,4
"CTATTGACAAACGA-1",1,2,3,2,1,1
"CTATTGACACTGGT-1",1,2,3,5,6,8
"CTATTGACGGTGAG-1",1,2,3,5,6,8
"CTATTGTGGCAAGG-1",2,1,2,4,5,6
"CTCAATTGGTTCAG-1",2,1,1,1,3,4
"CTCAATTGGTTGCA-1",1,2,3,2,1,1
"CTCAGAGATAGAAG-1",2,1,1,1,2,3
"CTCAGCACTCTAGG-1",2,1,1,1,3,3
"CTCAGCACTGAACC-1",1,2,3,2,1,1
"CTCAGCACTTGCAG-1",2,1,1,1,2,3
"CTCAGCTGAACCTG-1",1,2,3,2,1,1
"CTCAGCTGCAGTTG-1",2,1,1,1,2,5
"CTCAGGCTCGTTGA-1",1,2,3,5,6,8
"CTCAGGCTGCTAAC-1",2,1,1,4,5,5
"CTCATTGACCTTAT-1",2,1,1,1,3,4
"CTCATTGATGCTTT-1",1,2,3,5,6,8
"CTCCACGAGAGATA-1",1,2,3,2,1,1
"CTCCATCTCTTAGG-1",2,1,1,1,2,3
"CTCCATCTGACGAG-1",2,1,1,1,2,3
"CTCCGAACAAGTGA-1",1,2,3,5,6,8
"CTCCTACTGCCTTC-1",1,2,3,2,1,1
"CTCGAAGATGTGGT-1",2,1,1,1,2,3
"CTCGAAGATTAGGC-1",1,2,3,2,1,1
"CTCGACTGCTCTAT-1",2,1,1,1,2,3
"CTCGACTGGGTGAG-1",2,1,1,1,2,3
"CTCGACTGGTTGAC-1",3,4,5,6,7,7
"CTCGAGCTCTGGAT-1",3,4,5,6,7,6
"CTCGCATGACTTTC-1",2,4,5,4,5,6
"CTCGCATGCTTAGG-1",2,1,1,1,3,3
"CTCTAAACCTCGAA-1",2,1,1,1,2,3
"CTCTAAACGGCGAA-1",2,1,1,1,2,3
"CTCTAATGTCCAAG-1",1,2,3,2,1,1
"CTGAACGACAGTCA-1",2,1,1,1,3,4
"CTGAACGATGAGGG-1",2,1,1,1,2,3
"CTGAAGACCCAACA-1",2,1,1,1,3,3
"CTGAAGACGTGCAT-1",3,3,4,3,4,2
"CTGAAGTGAAGCCT-1",1,2,3,5,6,8
"CTGAAGTGCAGCTA-1",3,3,4,3,4,2
"CTGAAGTGGCTATG-1",2,1,1,1,2,3
"CTGAAGTGTCCAGA-1",2,1,1,1,3,4
"CTGAATCTGAATAG-1",2,1,1,1,2,3
"CTGACAGAATCGTG-1",3,4,5,6,7,6
"CTGACCACAGCAAA-1",2,1,1,1,2,3
"CTGAGAACCGGGAA-1",2,1,1,1,3,4
"CTGAGAACGTAAAG-1",3,4,5,6,7,7
"CTGATACTAGTAGA-1",2,1,1,1,2,3
"CTGATTTGGTGTTG-1",1,2,3,2,1,1
"CTGCAGCTAACCGT-1",2,1,1,1,2,3
"CTGCAGCTGACACT-1",2,1,1,1,2,3
"CTGCAGCTGGATTC-1",1,2,3,5,6,8
"CTGCAGCTTGGCAT-1",2,4,5,4,5,6
"CTGCCAACAGGAGC-1",3,4,5,4,5,6
"CTGCCAACCAGCTA-1",2,1,1,1,2,4
"CTGCCAACTAACCG-1",1,2,3,2,1,1
"CTGCCAACTGCTCC-1",3,4,5,4,5,6
"CTGCCAACTTGCAG-1",2,1,1,1,2,3
"CTGCCAACTTGCTT-1",3,4,5,4,5,6
"CTGCGACTCCACCT-1",3,4,5,4,5,6
"CTGGAAACAAACGA-1",3,4,5,6,7,6
"CTGGAAACATCGAC-1",2,1,1,1,2,3
"CTGGATGACTGGAT-1",3,4,5,4,5,6
"CTGGATGACTTGTT-1",2,1,1,1,2,3
"CTGGATGATGTGAC-1",3,3,4,3,4,2
"CTGGCACTCAAGCT-1",1,2,3,2,1,1
"CTGTAACTAACCAC-1",2,1,1,1,2,4
"CTGTAACTAGCGTT-1",2,1,1,1,2,3
"CTGTATACGTAAAG-1",2,1,2,4,5,5
"CTGTATACGTACGT-1",1,2,3,2,1,1
"CTGTATACGTTGGT-1",2,1,1,1,2,3
"CTGTGAGACAACCA-1",1,2,3,5,6,8
"CTGTGAGACCTTGC-1",3,4,5,4,5,6
"CTGTGAGACGAACT-1",1,2,3,2,1,1
"CTGTGAGACTGTAG-1",1,2,3,2,1,1
"CTTAAAGAACCTGA-1",2,1,1,1,2,3
"CTTAACACCTGTAG-1",2,1,1,1,2,3
"CTTAACACTATCGG-1",3,3,4,3,4,2
"CTTAAGCTACCTAG-1",2,1,1,1,3,3
"CTTAAGCTAGTACC-1",2,1,1,1,2,3
"CTTAAGCTCATCAG-1",2,1,1,1,2,3
"CTTAAGCTCCGCTT-1",3,3,4,3,4,2
"CTTACAACTAACGC-1",2,1,1,1,2,3
"CTTACAACTCCCGT-1",1,2,3,2,1,1
"CTTACTGACGTACA-1",2,1,1,1,2,3
"CTTAGACTAAACGA-1",2,1,1,1,3,4
"CTTAGGGACTTGCC-1",2,1,1,1,3,4
"CTTAGGGAGAATCC-1",2,1,1,1,2,3
"CTTATCGACTCATT-1",2,1,1,1,2,3
"CTTCACCTACCTGA-1",1,2,3,5,6,8
"CTTCATGAAGCATC-1",3,3,4,3,4,2
"CTTCATGAAGTACC-1",2,1,1,1,2,3
"CTTCATGACCGAAT-1",3,4,5,4,5,6
"CTTGAACTACGCAT-1",2,1,1,1,2,4
"CTTGATTGAGGTTC-1",3,4,5,6,7,6
"CTTGATTGATCTTC-1",1,2,3,2,1,1
"CTTGATTGCATTCT-1",2,1,1,1,3,4
"CTTGATTGTTTCGT-1",2,1,1,1,2,3
"CTTGTATGACACCA-1",3,3,4,3,4,2
"CTTGTATGCGCAAT-1",3,3,4,3,4,2
"CTTTACGAGCGAAG-1",2,1,1,1,2,3
"CTTTAGACCGTGAT-1",2,1,1,1,2,3
"CTTTAGACGAGACG-1",2,1,1,1,3,4
"CTTTAGACGATACC-1",2,1,1,1,2,3
"CTTTAGACGTTGGT-1",2,1,2,1,3,4
"CTTTAGACTCATTC-1",3,4,5,4,5,6
"CTTTAGTGACGGGA-1",3,4,5,6,7,7
"CTTTAGTGGGTGGA-1",2,1,1,1,2,3
"CTTTCAGAGAAACA-1",2,1,1,1,3,4
"CTTTGATGAGCACT-1",2,1,1,1,3,3
"CTTTGATGTCTAGG-1",2,1,2,4,5,4
"CTTTGATGTGTCCC-1",2,1,1,1,3,4
"CTTTGATGTGTGGT-1",2,1,1,1,2,3
"GAAACAGAACTACG-1",2,1,1,1,3,3
"GAAACAGAATCACG-1",2,1,1,1,2,3
"GAAACAGACATTCT-1",2,1,1,1,2,3
"GAAACCTGATCGTG-1",2,1,1,1,2,3
"GAAACCTGATGCCA-1",2,1,1,1,3,4
"GAAACCTGCTTATC-1",2,1,1,1,3,3
"GAAACCTGGACTAC-1",1,2,3,5,6,8
"GAAACCTGTGCTAG-1",2,1,1,1,3,4
"GAAAGATGATTTCC-1",2,1,1,1,2,3
"GAAAGATGCTGATG-1",1,2,3,5,6,8
"GAAAGATGCTTCGC-1",1,2,3,2,1,1
"GAAAGATGTAAGGA-1",2,1,1,1,2,3
"GAAAGCCTACGTTG-1",3,3,4,3,4,2
"GAAAGTGAAAGTGA-1",1,2,3,2,1,1
"GAAAGTGACCACAA-1",1,2,3,2,1,1
"GAAAGTGACTCAAG-1",2,1,1,1,2,3
"GAAATACTACCAAC-1",1,2,3,2,1,1
"GAAATACTCTTAGG-1",3,3,4,3,4,2
"GAAATACTTCCTCG-1",2,1,1,1,3,4
"GAACACACGTGCAT-1",1,2,3,2,1,1
"GAACACACTGCCTC-1",2,1,1,1,2,3
"GAACAGCTAACTGC-1",1,2,3,5,1,1
"GAACAGCTCTCAGA-1",1,2,3,5,6,8
"GAACCAACCACAAC-1",3,4,5,4,5,6
"GAACCAACTTCCGC-1",3,4,5,6,7,7
"GAACCTGAACGTGT-1",2,1,2,4,5,6
"GAACCTGAGAGACG-1",2,1,1,1,2,3
"GAACCTGATGAACC-1",2,1,1,1,3,4
"GAACGGGATACTTC-1",2,1,1,1,2,3
"GAACTGTGACCTGA-1",1,2,3,5,6,8
"GAACTGTGCCAGTA-1",1,2,3,2,1,1
"GAAGAATGCAATCG-1",2,1,1,1,2,3
"GAAGCGGACCTATT-1",1,2,3,2,1,1
"GAAGCTACGAATGA-1",1,2,3,2,1,1
"GAAGCTACGGTTTG-1",2,1,1,1,3,4
"GAAGGGTGAAAGTG-1",2,1,1,1,2,3
"GAAGGGTGCTTAGG-1",1,2,3,2,1,1
"GAAGGTCTGAAAGT-1",2,1,1,1,3,4
"GAAGGTCTGTTGCA-1",2,1,1,1,2,3
"GAAGGTCTTAAAGG-1",1,2,3,2,1,1
"GAAGTAGACTCCCA-1",3,4,5,4,5,6
"GAAGTAGATCCAAG-1",1,2,3,5,6,8
"GAAGTCACCCTCGT-1",1,2,3,2,1,1
"GAAGTCACCCTGTC-1",3,3,4,3,4,2
"GAAGTCTGTCGCAA-1",3,3,4,3,4,2
"GAAGTCTGTTCTGT-1",2,1,1,1,2,3
"GAAGTGCTAAACGA-1",3,4,5,6,7,7
"GAAGTGCTCCGCTT-1",1,2,3,2,1,1
"GAAGTGCTTAACCG-1",2,1,1,1,2,3
"GAATGCACCCTAAG-1",2,1,1,1,2,3
"GAATGCACCTTCGC-1",3,4,5,6,7,7
"GAATGCTGCGGTAT-1",2,1,1,1,2,3
"GAATTAACGATAAG-1",2,1,1,1,2,3
"GAATTAACGGTCAT-1",2,1,1,1,2,3
"GAATTAACGTCGTA-1",3,4,5,6,7,7
"GAATTAACTGAAGA-1",3,3,4,3,4,2
"GACAACACAGGCGA-1",2,1,1,1,2,3
"GACAACACATCGTG-1",2,1,1,1,2,3
"GACAACACTCGCCT-1",2,4,2,4,5,5
"GACAACTGAGGTTC-1",2,1,1,1,2,3
"GACAGGGAAGAGTA-1",3,3,4,3,4,2
"GACAGGGAATGCCA-1",2,1,1,1,2,3
"GACAGTACGAGCTT-1",1,2,3,5,6,8
"GACAGTACTTCGGA-1",1,2,3,5,6,8
"GACAGTTGAGTAGA-1",3,3,4,3,4,2
"GACATTCTCCACCT-1",1,2,3,2,1,1
"GACCAAACGACTAC-1",1,2,3,2,1,1
"GACCAAACGTATCG-1",1,2,3,2,1,1
"GACCCTACTAAAGG-1",3,3,4,3,4,2
"GACCTAGACCTCAC-1",2,1,1,1,2,4
"GACCTAGACGAGAG-1",2,1,1,1,2,3
"GACCTCACAAGGTA-1",2,1,1,1,2,3
"GACCTCACGTACGT-1",1,2,3,2,1,1
"GACCTCTGCATCAG-1",2,1,1,1,2,3
"GACGAACTCCCACT-1",2,1,1,1,2,3
"GACGATTGCCAATG-1",3,3,4,3,4,2
"GACGCCGACCTTCG-1",2,1,1,1,2,3
"GACGCTCTCTCTCG-1",2,1,1,4,2,4
"GACGGCACACGGGA-1",3,4,5,6,7,7
"GACGGCACGAGATA-1",1,2,3,2,1,1
"GACGTAACCTATGG-1",2,1,1,1,2,3
"GACGTAACCTGTGA-1",2,1,1,1,3,4
"GACGTAACTATGGC-1",2,1,1,1,3,4
"GACGTATGTTGACG-1",2,1,1,1,2,3
"GACGTATGTTTGCT-1",2,1,1,1,2,3
"GACGTCCTACGGAG-1",2,1,1,1,3,3
"GACGTCCTCTCAAG-1",1,2,3,2,1,1
"GACGTCCTGATAAG-1",3,3,4,3,4,2
"GACTACGATGGTCA-1",3,3,4,3,4,2
"GACTCCTGCTCGCT-1",2,1,1,1,2,3
"GACTCCTGGGTTAC-1",2,1,1,1,2,3
"GACTCCTGTTATCC-1",2,1,1,4,3,4
"GACTCCTGTTGGTG-1",1,2,3,2,1,1
"GACTGAACCAATCG-1",1,2,3,2,1,1
"GACTGATGTGATGC-1",2,1,1,1,2,3
"GACTTTACATGCCA-1",2,1,1,1,2,3
"GACTTTACGACAGG-1",3,3,4,3,4,2
"GAGAAATGTTCTCA-1",3,3,4,3,4,2
"GAGATAGAAAAAGC-1",1,2,3,2,1,1
"GAGATCACGACAAA-1",1,2,3,5,6,8
"GAGATGCTCTGGAT-1",3,4,5,4,5,6
"GAGATGCTGAATGA-1",2,1,1,1,3,4
"GAGCAGGATTCCCG-1",3,4,5,4,5,6
"GAGCATACTTTGCT-1",1,2,3,5,6,8
"GAGCGCACGCGTAT-1",1,2,3,2,1,1
"GAGCGCACGGTGAG-1",3,4,5,4,5,6
"GAGCGCTGAAGATG-1",3,4,5,6,7,7
"GAGCGCTGTCTTAC-1",1,2,3,2,1,1
"GAGCGGCTGGGAGT-1",3,3,4,3,4,2
"GAGGACGACTCAGA-1",2,1,1,4,5,6
"GAGGATCTGAAAGT-1",3,3,4,3,4,2
"GAGGCAGACTTGCC-1",3,4,5,6,7,6
"GAGGGAACACCAGT-1",2,1,1,1,3,4
"GAGGGAACGAGGGT-1",2,1,1,1,3,4
"GAGGGATGGGAAAT-1",2,1,1,1,2,3
"GAGGGCCTTCACCC-1",2,1,1,1,3,4
"GAGGGTGAAGAGTA-1",2,1,1,1,2,3
"GAGGTACTACGGTT-1",2,1,1,1,2,3
"GAGGTACTACTCAG-1",1,2,3,2,1,1
"GAGGTACTGACACT-1",3,4,5,6,7,7
"GAGGTACTGGGAGT-1",2,1,1,1,2,3
"GAGGTACTTAGCGT-1",1,2,3,2,1,1
"GAGGTGGAGTACGT-1",2,1,1,1,2,3
"GAGGTGGATCCTCG-1",3,4,5,6,7,7
"GAGGTTACTCGTTT-1",1,2,3,2,1,1
"GAGGTTTGTAAGCC-1",1,2,3,2,1,1
"GAGTCAACCATTCT-1",2,1,1,1,2,3
"GAGTCAACGGGAGT-1",2,1,1,1,2,3
"GAGTCTGATCGTGA-1",2,1,1,1,2,3
"GAGTCTGATTTGGG-1",3,3,4,3,4,2
"GAGTGACTCAGCTA-1",2,1,1,1,2,3
"GAGTGACTCGGTAT-1",3,4,5,4,5,6
"GAGTGACTCTTGCC-1",3,3,4,3,4,2
"GAGTGACTGACTAC-1",3,3,4,3,4,2
"GAGTGACTGTCTAG-1",2,1,1,1,2,3
"GAGTGGGAGTCTTT-1",3,3,4,3,4,2
"GAGTGGGATGCCCT-1",2,1,1,1,2,3
"GAGTGGGATGCTGA-1",3,3,4,3,4,2
"GAGTGTTGCTGTAG-1",2,1,1,1,3,4
"GAGTGTTGTGGTCA-1",2,1,1,1,2,3
"GAGTTGTGCATGGT-1",1,2,3,2,1,1
"GAGTTGTGCTGAGT-1",3,4,5,4,5,6
"GAGTTGTGGCGAGA-1",1,2,3,2,1,1
"GAGTTGTGGTAGCT-1",2,1,1,4,2,4
"GAGTTGTGTATGCG-1",1,2,3,5,6,8
"GATAAGGAGAAACA-1",1,2,3,2,1,1
"GATAAGGATTCACT-1",1,2,3,2,1,1
"GATACTCTATCGGT-1",2,1,1,1,2,3
"GATACTCTTACTTC-1",2,1,1,1,2,3
"GATACTCTTGACTG-1",1,2,3,2,1,1
"GATAGAGAAGGGTG-1",3,4,5,6,7,6
"GATAGAGACTGTGA-1",2,1,1,1,2,3
"GATAGAGATCACGA-1",1,2,3,2,1,1
"GATAGCACCCATAG-1",2,1,1,1,2,3
"GATAGCACGAAGGC-1",1,2,3,2,1,1
"GATAGCACTTGTCT-1",2,1,1,1,2,3
"GATATAACAAGGTA-1",2,1,1,1,3,4
"GATATAACACGCAT-1",2,1,1,1,2,3
"GATATATGCTGGAT-1",2,1,1,1,2,3
"GATATATGTCCGTC-1",3,4,5,6,7,6
"GATATATGTGGAGG-1",1,2,3,2,1,4
"GATATCCTAGAAGT-1",2,1,1,1,2,3
"GATATCCTCCCGTT-1",1,2,3,2,1,1
"GATATTGACAGGAG-1",2,1,1,4,5,6
"GATATTGACGAGTT-1",1,2,3,5,6,8
"GATATTGAGCCAAT-1",2,1,1,1,2,3
"GATCCCTGACCTTT-1",3,4,5,6,7,7
"GATCCCTGTGTAGC-1",3,4,5,4,5,6
"GATCCGCTGGTCAT-1",1,2,3,2,1,1
"GATCGAACCGAGAG-1",2,1,1,1,3,4
"GATCGATGACTAGC-1",3,3,4,3,4,2
"GATCGATGGTAAAG-1",3,3,4,3,4,2
"GATCGATGTAAGGA-1",1,2,3,2,1,1
"GATCGTGACACTAG-1",2,1,1,1,2,3
"GATCGTGATTCACT-1",2,1,1,1,3,4
"GATCTACTGGTGAG-1",2,4,5,4,5,6
"GATCTACTTTGCAG-1",3,3,4,3,4,2
"GATCTTACACCCAA-1",1,2,3,5,6,8
"GATCTTACCCTACC-1",2,1,1,1,3,4
"GATCTTACGAATAG-1",1,2,3,2,1,1
"GATCTTACGAGATA-1",1,2,3,2,1,1
"GATGCAACTCCAGA-1",2,1,1,1,2,3
"GATGCCCTACGTAC-1",2,1,1,1,3,4
"GATGCCCTCTCATT-1",2,1,1,1,2,3
"GATGCCCTGGCAAG-1",1,2,3,2,1,1
"GATGCCCTTTTGCT-1",2,1,1,1,2,3
"GATTACCTTGTTCT-1",2,1,1,1,2,3
"GATTCGGAACGACT-1",2,1,1,1,2,3
"GATTCGGACAGGAG-1",1,2,3,2,1,1
"GATTCGGAGAAGGC-1",1,2,3,5,6,8
"GATTCTTGATTCGG-1",1,2,3,2,1,1
"GATTCTTGCCGATA-1",2,1,1,1,2,3
"GATTCTTGCGAGTT-1",3,3,4,3,4,2
"GATTGGACCCGTTC-1",3,3,4,3,4,2
"GATTGGACGGTGTT-1",3,3,4,3,4,2
"GATTGGACTTTCGT-1",3,3,4,3,4,2
"GATTGGTGTGTCAG-1",2,1,1,1,2,3
"GATTTAGACACTCC-1",1,2,3,5,6,8
"GATTTAGACTAAGC-1",3,3,4,3,4,2
"GATTTAGATTCGTT-1",1,2,3,2,1,1
"GATTTGCTAACGAA-1",2,1,1,1,2,3
"GATTTGCTAACGGG-1",1,2,3,2,1,1
"GCAACCCTCCTCGT-1",1,2,3,2,1,1
"GCAACTGATTGCGA-1",2,1,1,1,2,3
"GCAAGACTACTGGT-1",2,1,1,1,3,4
"GCAAGACTAGGTCT-1",2,1,1,1,3,4
"GCAAGACTCCCTTG-1",2,1,1,1,2,3
"GCAATCGACTGCAA-1",2,4,5,4,5,6
"GCAATCGAGACGTT-1",1,2,3,5,6,8
"GCAATCGATCCTTA-1",1,2,3,2,1,1
"GCAATTCTCGTGTA-1",2,1,1,1,3,4
"GCAATTCTTCTCCG-1",2,1,1,1,2,3
"GCACAAACAATGCC-1",2,1,2,4,5,5
"GCACAAACGGTACT-1",2,1,1,1,3,4
"GCACAATGGTGCAT-1",1,2,3,2,1,1
"GCACACCTGTGCTA-1",3,4,5,6,7,7
"GCACCACTCATGAC-1",1,2,3,2,1,1
"GCACCACTGTTTGG-1",1,2,3,2,1,1
"GCACCACTTCCTTA-1",3,4,5,6,7,7
"GCACCACTTTCGGA-1",1,2,3,2,1,1
"GCACCTACGCGATT-1",2,1,1,1,3,4
"GCACCTTGGCTGTA-1",2,1,1,1,2,3
"GCACCTTGGGGAGT-1",1,2,3,2,1,1
"GCACGGACCAGCTA-1",2,1,1,1,3,4
"GCACGGTGACCTCC-1",2,1,1,1,3,3
"GCACGGTGCTATGG-1",1,2,3,2,1,1
"GCACTAGAACGGGA-1",2,1,1,1,3,4
"GCACTAGAAGATGA-1",3,3,4,3,4,2
"GCACTAGACCTTTA-1",1,2,3,5,6,8
"GCACTAGACGTAAC-1",3,3,4,3,4,2
"GCACTAGAGTCGTA-1",3,4,5,6,7,6
"GCACTAGATGCAAC-1",2,1,1,1,2,4
"GCACTGCTGAGGCA-1",2,1,1,1,3,4
"GCAGATACAGCGTT-1",3,4,5,4,5,6
"GCAGATACGACGGA-1",2,1,1,1,2,3
"GCAGATACGCAGAG-1",2,1,1,1,3,3
"GCAGCCGACAGTCA-1",2,1,1,1,2,3
"GCAGCGTGCACTCC-1",2,1,1,1,2,3
"GCAGCTCTCAATCG-1",2,1,1,1,2,3
"GCAGCTCTGTTTCT-1",2,1,1,1,3,4
"GCAGGGCTAAGAAC-1",2,1,1,1,2,3
"GCAGGGCTAAGGGC-1",2,1,1,1,2,3
"GCAGGGCTATCGAC-1",3,4,5,6,7,7
"GCAGGGCTTGGGAG-1",3,4,5,4,5,6
"GCAGTCCTAACTGC-1",2,1,1,1,3,4
"GCAGTCCTCTCTTA-1",2,1,1,1,2,3
"GCATCAGATGCGTA-1",3,4,5,4,5,6
"GCATGTGACAAGCT-1",2,1,1,1,2,3
"GCATTGGAGAAGGC-1",2,1,1,1,2,3
"GCCAAAACGAGGCA-1",3,4,5,4,5,6
"GCCAAATGATCGAC-1",2,1,1,4,5,5
"GCCAACCTACGGTT-1",2,1,1,1,2,3
"GCCAACCTCGCCTT-1",2,1,1,1,3,4
"GCCACGGAGGCGAA-1",1,2,3,2,1,1
"GCCACGGATACTGG-1",2,1,1,1,2,3
"GCCACTACGTCTTT-1",2,1,1,1,2,4
"GCCCAACTACCGAT-1",2,1,1,1,2,3
"GCCCAACTATGGTC-1",3,4,5,6,7,6
"GCCCATACAGCGTT-1",3,4,5,4,5,6
"GCCGACGAACTCTT-1",1,2,3,2,1,1
"GCCGAGTGCGTTGA-1",2,1,1,1,3,4
"GCCGGAACGAACTC-1",3,4,5,4,5,6
"GCCGGAACGTTCTT-1",3,4,5,6,7,7
"GCCGGAACTGCACA-1",3,4,5,6,7,7
"GCCGGAACTTACTC-1",2,1,1,1,2,3
"GCCGTACTACCTGA-1",2,1,1,1,2,3
"GCCGTACTGGCAAG-1",1,2,3,2,1,1
"GCCTACACAGTTCG-1",3,4,5,6,7,7
"GCCTACACCACTGA-1",1,2,3,5,6,8
"GCCTACACCTTGAG-1",2,1,1,1,2,3
"GCCTAGCTACGGAG-1",3,3,4,3,4,2
"GCCTAGCTCTATTC-1",2,1,1,1,2,3
"GCCTAGCTTCTCAT-1",2,1,1,1,2,3
"GCCTAGCTTCTCTA-1",1,2,3,5,6,8
"GCCTCAACCATGGT-1",2,1,1,1,2,3
"GCCTCAACTCTTTG-1",3,4,5,4,5,6
"GCCTCATGTCTTAC-1",3,4,5,4,5,6
"GCCTGACTCTCAAG-1",1,2,3,2,1,1
"GCGAAGGAACTCTT-1",2,1,2,4,5,5
"GCGAAGGATGCCAA-1",2,1,1,1,2,3
"GCGAGAGAGGGACA-1",2,1,1,1,3,4
"GCGAGCACTGTCGA-1",2,1,2,1,2,3
"GCGAGCACTTGACG-1",2,1,1,1,2,3
"GCGAGCACTTGCTT-1",1,2,3,2,1,1
"GCGATATGGTACGT-1",2,1,1,1,2,3
"GCGATATGGTGTTG-1",2,1,1,1,3,4
"GCGCACGAAGTCGT-1",2,1,1,1,2,3
"GCGCACGACTTTAC-1",1,2,3,2,1,1
"GCGCATCTAGGTCT-1",2,1,1,1,2,3
"GCGCATCTGGTTAC-1",3,1,2,4,5,6
"GCGCATCTTCGATG-1",2,1,1,1,2,3
"GCGCATCTTGCTCC-1",3,4,5,6,7,7
"GCGCATCTTTCTAC-1",2,1,1,1,3,4
"GCGCGAACGTTCTT-1",3,3,4,3,4,2
"GCGCGATGAACGGG-1",2,1,1,1,2,3
"GCGCGATGGTGCAT-1",3,4,5,6,7,7
"GCGGAGCTCCTGAA-1",2,1,1,1,2,3
"GCGGCAACCCGATA-1",2,1,1,1,2,3
"GCGGCAACGGAGGT-1",3,3,4,3,4,2
"GCGGCAACTGTCGA-1",1,2,3,2,1,1
"GCGTAAACACGGTT-1",1,2,3,2,1,1
"GCGTAATGCACCAA-1",1,2,3,5,6,8
"GCGTATGAACACCA-1",2,1,1,1,3,4
"GCGTATGATGAGAA-1",1,2,3,2,1,1
"GCTACAGAAAGGTA-1",2,1,1,1,2,3
"GCTACAGAATCTTC-1",3,3,4,3,4,2
"GCTACCTGAGAAGT-1",1,2,3,2,1,1
"GCTACCTGATCACG-1",2,1,1,1,2,3
"GCTACGCTAGAATG-1",2,1,1,1,2,3
"GCTACGCTAGCTAC-1",2,1,2,1,2,5
"GCTACGCTCCCTAC-1",2,1,1,1,3,3
"GCTAGAACAGAGGC-1",3,3,4,3,4,2
"GCTAGAACGGATCT-1",2,1,1,1,2,3
"GCTAGAACTCCCGT-1",2,1,1,1,2,3
"GCTAGATGAGCTCA-1",1,2,3,2,1,1
"GCTAGATGGCGATT-1",3,4,5,4,5,6
"GCTATACTAAGGCG-1",2,1,1,1,2,3
"GCTATACTAGCGTT-1",3,4,5,4,5,6
"GCTATACTCTCTTA-1",2,1,1,1,2,3
"GCTATACTGGACGA-1",2,1,1,1,3,4
"GCTCAAGAACCATG-1",1,2,3,5,6,8
"GCTCAAGAAGTCAC-1",1,2,3,2,1,1
"GCTCAGCTGTCTAG-1",2,1,1,1,2,3
"GCTCCATGAGAAGT-1",3,4,5,4,5,6
"GCTCCATGCCGAAT-1",2,1,1,1,2,3
"GCTCGACTCTAGTG-1",1,2,3,2,1,1
"GCTGATGAGGTATC-1",1,2,3,2,1,1
"GCTTAACTACAGTC-1",1,2,3,2,1,1
"GCTTAACTACTGGT-1",3,4,5,6,7,6
"GCTTAACTGCTGAT-1",2,1,1,1,2,3
"GCTTAACTTAGACC-1",1,2,3,2,1,1
"GCTTAACTTCAGTG-1",2,1,1,1,2,3
"GGAACACTCACTTT-1",1,2,3,2,1,1
"GGAACACTTCAGAC-1",2,1,1,4,2,4
"GGAACTACTACTTC-1",2,1,1,1,3,4
"GGAACTTGAAGGTA-1",1,2,3,2,1,1
"GGAACTTGAGAATG-1",2,1,2,1,3,5
"GGAACTTGCTCCAC-1",1,2,3,2,1,1
"GGAACTTGGGTAGG-1",3,3,4,3,4,2
"GGAAGGACATCGGT-1",1,2,3,2,1,1
"GGAAGGACCACTAG-1",2,1,1,4,5,5
"GGAAGGACGAGGGT-1",2,1,1,1,2,3
"GGAAGGACGCGAAG-1",2,1,2,1,3,5
"GGAAGGTGGCGAGA-1",3,4,5,6,7,7
"GGAATCTGAAGGGC-1",2,1,1,1,2,3
"GGAATCTGAGGAGC-1",2,1,1,1,2,3
"GGAATCTGCTTAGG-1",3,3,4,3,4,2
"GGAATCTGCTTGTT-1",1,2,3,2,1,1
"GGAATCTGGGAGGT-1",2,1,1,1,2,3
"GGAATGCTTTCTAC-1",2,1,1,1,3,3
"GGACAGGAAAGGGC-1",3,4,5,4,5,6
"GGACAGGAGTGCTA-1",3,3,4,3,4,2
"GGACAGGATCTCGC-1",2,1,1,1,2,3
"GGACCCGAAGCTAC-1",1,2,3,2,1,1
"GGACCGTGCTTACT-1",1,2,3,2,1,1
"GGACCGTGGGAACG-1",1,2,3,2,1,1
"GGACCGTGTAACGC-1",2,1,1,1,3,4
"GGACCTCTGTAAGA-1",1,2,3,2,1,1
"GGACCTCTTTTCTG-1",3,4,5,4,5,6
"GGACGAGAGTGTCA-1",1,2,3,2,1,1
"GGACGCTGACGCAT-1",3,4,5,4,5,6
"GGACGCTGCTAGCA-1",2,1,1,1,2,3
"GGACGCTGTCCTCG-1",3,4,5,6,7,7
"GGAGAGACGTGAGG-1",3,3,4,3,4,2
"GGAGCAGATTCAGG-1",3,3,4,3,4,2
"GGAGCCACCTTCTA-1",3,3,4,3,4,2
"GGAGCGCTACGCAT-1",1,2,3,2,1,1
"GGAGCGCTCCGAAT-1",2,1,1,1,3,4
"GGAGGATGCCACCT-1",2,1,1,1,2,3
"GGAGGATGGTTGAC-1",1,2,3,2,1,1
"GGAGGATGTCAGTG-1",1,2,3,2,1,1
"GGAGGCCTCGTTGA-1",3,4,5,6,7,7
"GGAGGCCTTTCTTG-1",2,1,1,1,2,3
"GGAGGTGATACGCA-1",2,1,1,1,3,4
"GGAGGTGATCGCTC-1",2,1,1,4,5,5
"GGATACTGCAGCTA-1",2,1,1,1,2,3
"GGATACTGTCTAGG-1",2,1,1,1,2,4
"GGATAGCTCGTCTC-1",2,1,1,1,2,3
"GGATAGCTCTGAAC-1",3,4,5,4,5,6
"GGATGTACCAAAGA-1",3,3,4,3,4,2
"GGATGTACGCGAAG-1",2,1,1,1,2,3
"GGATGTACGTCTTT-1",1,2,3,2,1,1
"GGATGTACGTGTCA-1",3,4,5,4,5,6
"GGATTTCTAGGTTC-1",2,1,1,1,3,4
"GGATTTCTTTGTCT-1",1,2,3,2,1,1
"GGCAAGGAAAAAGC-1",3,4,5,6,7,7
"GGCAAGGAAGAAGT-1",2,1,1,1,2,3
"GGCAAGGACTTGGA-1",1,2,3,2,1,1
"GGCAAGGAGGACTT-1",2,1,1,1,2,3
"GGCAATACGCTAAC-1",3,3,4,3,4,2
"GGCAATACGGCATT-1",3,4,5,4,5,6
"GGCAATACGTTTCT-1",3,3,4,3,4,2
"GGCACGTGGCTTAG-1",1,2,3,5,6,8
"GGCACTCTTTTGTC-1",2,1,1,1,3,3
"GGCATATGCTTATC-1",3,4,5,6,7,7
"GGCATATGGGGAGT-1",2,1,1,4,2,4
"GGCATATGTGTGAC-1",2,1,1,1,3,4
"GGCCACGACAGAGG-1",2,1,1,1,2,3
"GGCCAGACTGGTTG-1",2,1,1,1,2,3
"GGCCCAGAAAGTAG-1",1,2,3,2,1,1
"GGCCGAACAACGAA-1",2,1,1,1,2,3
"GGCCGAACGCAGAG-1",2,1,1,1,2,3
"GGCCGAACGTAGGG-1",2,1,1,1,2,3
"GGCCGAACTCTAGG-1",3,4,5,6,7,7
"GGCCGATGCAGGAG-1",2,1,1,1,2,3
"GGCCGATGCCGAAT-1",2,1,1,1,3,4
"GGCCGATGTACTCT-1",3,4,5,4,5,6
"GGCGACACTGCCCT-1",3,4,5,4,5,6
"GGCGACTGCGTAAC-1",2,1,1,1,2,3
"GGCGCATGCCTAAG-1",1,2,3,5,6,8
"GGCGCATGCTCCAC-1",2,1,1,1,2,3
"GGCGCATGTGGAAA-1",2,1,1,1,2,3
"GGCGGACTAGAGGC-1",2,1,1,1,3,4
"GGCGGACTAGGAGC-1",3,4,5,4,5,6
"GGCGGACTCTGACA-1",2,1,1,1,2,3
"GGCGGACTCTTGGA-1",3,4,5,4,5,6
"GGCGGACTTACTGG-1",2,1,1,1,2,3
"GGCGGACTTGAACC-1",2,1,1,1,3,4
"GGCTAAACACCTGA-1",3,4,5,6,7,7
"GGCTAAACTCTTAC-1",2,1,1,1,3,4
"GGCTAATGAGCACT-1",3,4,5,4,5,6
"GGCTAATGGTCTAG-1",2,1,1,1,2,3
"GGCTCACTACTCAG-1",1,2,3,2,1,1
"GGGAACGAAGCTCA-1",1,2,3,5,6,8
"GGGAACGACACAAC-1",3,3,4,3,4,2
"GGGAACGAGTGTCA-1",1,2,3,2,1,1
"GGGAAGTGTTGAGC-1",1,2,3,2,1,1
"GGGACCACACGTTG-1",3,4,5,6,7,6
"GGGACCACAGAACA-1",2,1,1,1,2,3
"GGGACCACGAATAG-1",2,1,1,1,3,4
"GGGACCACGTCATG-1",2,1,1,1,2,3
"GGGACCACTCAAGC-1",2,1,1,1,2,3
"GGGACCACTCGTGA-1",2,1,1,1,2,3
"GGGACCACTGCATG-1",2,1,1,1,2,3
"GGGACCTGACCCTC-1",1,2,3,2,1,1
"GGGACCTGCTTGCC-1",2,1,1,1,2,3
"GGGACCTGTGGAGG-1",3,3,4,3,4,2
"GGGATGGACGACAT-1",3,3,4,3,4,2
"GGGATGGATACTTC-1",2,1,1,1,3,4
"GGGATGGATGGTTG-1",1,2,3,2,1,1
"GGGATTACGTCTAG-1",2,1,1,1,2,3
"GGGCAAGATGCATG-1",1,2,3,2,1,1
"GGGCACACGGTGAG-1",1,2,3,5,6,8
"GGGCACACGTTGCA-1",2,1,1,1,2,3
"GGGCAGCTTGGGAG-1",3,4,5,4,5,6
"GGGCAGCTTTTCTG-1",2,1,1,1,2,3
"GGGCCAACCTTGGA-1",1,2,3,2,1,1
"GGGCCAACGCGTTA-1",3,3,4,3,4,2
"GGGCCAACTACGCA-1",1,2,3,2,1,1
"GGGCCAACTCCAAG-1",3,3,4,3,4,2
"GGGCCATGATGGTC-1",2,1,2,1,3,5
"GGGCCATGTTGACG-1",2,1,1,1,3,4
"GGGTAACTCAGCTA-1",2,1,1,1,2,3
"GGGTAACTCTAGTG-1",3,3,4,3,4,2
"GGGTAACTCTGGAT-1",2,1,1,1,2,3
"GGGTTAACGTGCAT-1",3,4,5,6,7,7
"GGTAAAGAGCTAAC-1",3,4,5,6,7,6
"GGTACAACTGCAAC-1",2,1,1,1,2,3
"GGTACATGAAAGCA-1",3,3,4,3,4,2
"GGTACATGAGCTCA-1",2,1,2,4,5,6
"GGTACATGCGGTAT-1",2,1,1,1,2,3
"GGTACATGGTTACG-1",2,1,1,4,5,6
"GGTACATGTGGGAG-1",2,1,1,1,3,4
"GGTACTGAACTCTT-1",1,2,3,2,1,1
"GGTAGTACACCACA-1",2,4,5,4,5,6
"GGTAGTACACTAGC-1",1,2,3,2,1,1
"GGTAGTACCCTGTC-1",2,1,1,1,2,3
"GGTAGTACGCCATA-1",1,2,3,2,1,1
"GGTAGTACTGTCTT-1",2,1,2,1,3,5
"GGTATCGAGACAAA-1",3,2,2,1,2,4
"GGTATCGATGAACC-1",3,3,4,3,4,2
"GGTCAAACCAAAGA-1",2,1,1,1,2,4
"GGTCTAGAGAAACA-1",1,2,3,2,1,1
"GGTCTAGATAGCGT-1",1,2,3,2,1,1
"GGTGATACCGACTA-1",3,3,4,3,4,2
"GGTGATACGACTAC-1",1,2,3,2,1,1
"GGTGATACTGTTTC-1",2,1,1,1,3,3
"GGTGGAGAAACGGG-1",3,4,5,6,7,6
"GGTGGAGAAGTAGA-1",2,1,1,1,2,3
"GGTGGAGACAGATC-1",3,4,5,6,7,7
"GGTGGAGATCGATG-1",2,1,1,1,3,4
"GGTGGAGATCTCTA-1",1,2,3,2,1,1
"GGTGGAGATTACTC-1",3,4,5,6,7,6
"GGTTTACTACGCAT-1",3,4,5,4,5,6
"GTAACGTGACCTCC-1",1,2,3,2,1,1
"GTAACGTGATCGGT-1",3,3,4,3,4,2
"GTAACGTGCAGCTA-1",3,3,4,3,4,2
"GTAACGTGGTTGAC-1",3,3,4,3,4,2
"GTAAGCACAACGGG-1",2,1,1,1,2,3
"GTAAGCACTCATTC-1",3,3,4,3,4,2
"GTAAGCTGGTACCA-1",1,2,3,2,1,1
"GTAATAACCTTCTA-1",1,2,3,2,1,1
"GTAATAACGTTGTG-1",2,1,1,1,2,3
"GTACCCTGACAGTC-1",1,2,3,5,6,8
"GTACCCTGGAGCTT-1",2,1,1,1,2,3
"GTACCCTGTCCTTA-1",3,4,5,6,7,6
"GTACCCTGTGAACC-1",2,1,1,1,3,4
"GTACGTGAACGTTG-1",3,4,5,4,5,6
"GTACTTTGTCGACA-1",3,4,5,4,5,6
"GTAGACTGAGATGA-1",1,2,3,2,1,1
"GTAGACTGTATTCC-1",2,1,1,1,2,3
"GTAGCAACAGTCGT-1",1,2,3,2,1,1
"GTAGCAACCATTTC-1",3,3,4,3,4,2
"GTAGCAACGGTAGG-1",1,2,3,2,1,1
"GTAGCATGCACTCC-1",3,3,4,3,4,2
"GTAGCATGTAAGCC-1",1,2,3,2,1,1
"GTAGCCCTGACGTT-1",2,1,1,1,2,3
"GTAGCTGAAGCTAC-1",1,2,3,5,6,8
"GTAGCTGAATTCGG-1",2,1,1,1,2,3
"GTAGGTACACGGGA-1",1,2,3,2,1,1
"GTAGTGACCTCATT-1",2,1,1,1,2,3
"GTAGTGTGAGCGGA-1",3,4,5,6,7,7
"GTAGTGTGAGGCGA-1",1,2,3,2,1,1
"GTAGTGTGTGGTTG-1",2,1,1,1,2,3
"GTATCACTGGTAGG-1",1,2,3,2,1,1
"GTATCTACAGAAGT-1",3,4,5,6,7,6
"GTATCTACGACGAG-1",3,4,5,4,5,6
"GTATCTACGTTACG-1",2,1,1,1,3,5
"GTATTAGAAACAGA-1",2,1,1,1,3,4
"GTATTAGAGGTCTA-1",2,1,1,1,2,5
"GTATTCACACAGCT-1",2,1,1,1,2,3
"GTATTCACGGGTGA-1",3,4,5,4,5,6
"GTCAACGACACTGA-1",2,1,1,1,3,3
"GTCAACGAGTGTAC-1",1,2,3,2,1,1
"GTCAATCTACACCA-1",3,4,5,4,5,6
"GTCAATCTGTAGCT-1",3,4,5,4,5,6
"GTCAATCTTGTGGT-1",2,1,1,1,2,3
"GTCACCTGCCTCCA-1",2,1,1,1,2,3
"GTCACCTGTCCCGT-1",2,1,1,1,3,3
"GTCATACTAATCGC-1",3,3,4,3,4,2
"GTCATACTGCGATT-1",3,4,5,6,7,6
"GTCATACTTCGCCT-1",2,1,1,4,2,4
"GTCATACTTTACCT-1",3,4,5,4,5,6
"GTCATACTTTGACG-1",2,1,1,1,2,3
"GTCCAAGAAAAACG-1",2,1,1,1,2,3
"GTCCACTGACCTCC-1",2,1,1,1,2,3
"GTCCACTGGGTACT-1",1,2,3,5,6,8
"GTCCAGCTACGGGA-1",2,1,1,1,2,3
"GTCCCATGTGGTGT-1",1,2,3,2,1,1
"GTCGAATGAAGGCG-1",1,2,3,2,1,1
"GTCGACCTGAATGA-1",3,4,5,6,7,7
"GTCGACCTGTTCAG-1",2,1,2,4,5,5
"GTCGCACTTGAGAA-1",3,3,4,3,4,2
"GTCTAACTGGTCTA-1",1,2,3,5,6,8
"GTCTAGGAGCTTCC-1",1,2,3,2,1,1
"GTGAACACACTCTT-1",2,1,1,1,2,3
"GTGAACACTCAGGT-1",2,1,1,1,2,3
"GTGACCCTTAAGCC-1",2,1,2,4,5,6
"GTGATGACAAGTGA-1",2,1,1,1,3,4
"GTGATGACCTGAGT-1",3,3,4,3,4,2
"GTGATGACGGTTTG-1",3,4,5,4,5,5
"GTGATTCTCATTTC-1",2,1,1,1,3,4
"GTGATTCTCTCTCG-1",1,2,3,2,1,1
"GTGATTCTGGTTCA-1",3,4,5,6,7,7
"GTGATTCTGTCGAT-1",2,1,1,1,2,3
"GTGATTCTTAGCGT-1",3,3,4,3,4,2
"GTGCCACTCAGGAG-1",2,1,1,1,2,3
"GTGGATTGCACTAG-1",1,2,3,5,6,8
"GTGGATTGCGGAGA-1",2,1,1,1,3,4
"GTGGATTGTAACGC-1",2,1,1,1,2,3
"GTGTACGATCAGTG-1",2,1,1,1,2,4
"GTGTAGTGGGTACT-1",2,1,1,1,3,4
"GTGTATCTAGCCTA-1",3,3,4,3,4,2
"GTGTATCTAGTAGA-1",3,4,5,6,7,7
"GTGTATCTGTTACG-1",3,3,4,3,4,2
"GTGTCAGAAGCGTT-1",3,4,5,6,5,6
"GTTAAAACCGAGAG-1",3,4,5,6,7,7
"GTTAAATGCTCGAA-1",2,1,2,1,3,5
"GTTAAATGTCGACA-1",3,3,4,3,4,2
"GTTAACCTAGCTAC-1",2,1,1,1,2,3
"GTTAACCTTGCTTT-1",1,2,3,2,1,1
"GTTAGGTGCACTCC-1",2,1,1,1,2,3
"GTTAGGTGCCAGTA-1",1,2,3,2,1,1
"GTTAGGTGCCCAAA-1",1,2,3,5,6,8
"GTTAGGTGGAACTC-1",3,3,4,3,4,2
"GTTAGTCTAAGAAC-1",3,4,5,4,5,6
"GTTATAGAGGACAG-1",2,1,1,1,2,3
"GTTATGCTTTCATC-1",2,1,1,1,2,3
"GTTCAACTGGGACA-1",3,4,5,6,7,7
"GTTCAACTTATGCG-1",2,1,1,1,2,3
"GTTGACGAGCCCTT-1",3,4,5,6,5,6
"GTTGACGATATCGG-1",3,4,5,6,7,7
"GTTGAGTGGTCTTT-1",1,2,3,2,1,1
"GTTGAGTGTGCTTT-1",2,1,1,1,3,4
"GTTGATCTGGGACA-1",2,1,1,1,2,3
"GTTGATCTTTTCAC-1",3,4,5,4,5,6
"GTTGGATGTTTACC-1",1,2,3,5,6,8
"GTTGTACTATTCCT-1",1,2,3,2,1,1
"GTTGTACTTTTGGG-1",2,1,1,1,2,3
"GTTTAAGACCATGA-1",1,2,3,2,1,1
"GTTTAAGACTGTCC-1",3,4,5,4,5,6
"TAAACAACCAACCA-1",2,1,1,1,3,4
"TAAACAACGAATCC-1",3,3,4,3,4,2
"TAAAGACTCAGGAG-1",2,1,1,1,3,3
"TAAATCGATGAGGG-1",2,1,1,1,3,4
"TAACAATGTGCCCT-1",3,3,4,3,4,2
"TAACACCTTCGCTC-1",1,2,3,2,1,1
"TAACACCTTCGTAG-1",1,2,3,2,1,1
"TAACACCTTGTTTC-1",2,1,1,4,2,4
"TAACATGACACTAG-1",3,3,4,3,4,2
"TAACCGGACTTACT-1",2,1,1,1,2,3
"TAACGTCTCAACCA-1",1,2,3,2,1,1
"TAACGTCTCATTGG-1",2,1,1,1,2,3
"TAACTAGAATTTCC-1",2,1,1,1,3,4
"TAACTAGACTTAGG-1",2,1,1,1,3,4
"TAACTAGATCTGGA-1",2,1,1,1,2,3
"TAACTCACGAGGAC-1",1,2,3,2,1,1
"TAACTCACGTACAC-1",3,3,4,3,4,2
"TAACTCACGTATCG-1",1,2,3,2,1,1
"TAACTCACTCTACT-1",3,4,5,6,7,7
"TAAGAACTGTGTCA-1",1,2,3,2,1,1
"TAAGAGGACTAAGC-1",3,3,4,3,4,2
"TAAGAGGACTTGTT-1",3,4,5,6,7,7
"TAAGATACGGTTCA-1",1,2,3,2,1,1
"TAAGATTGCGTAGT-1",2,1,1,1,2,3
"TAAGATTGTTGCTT-1",2,1,1,1,3,4
"TAAGCGTGAGGTTC-1",1,2,3,2,1,1
"TAAGCGTGGACAAA-1",1,2,3,2,1,1
"TAAGCGTGGGAAAT-1",2,1,1,1,2,3
"TAAGCGTGTGCTCC-1",1,2,3,5,6,8
"TAAGGCTGCCATGA-1",2,4,5,4,5,6
"TAAGGCTGCTGCTC-1",2,1,1,1,2,3
"TAAGGCTGTCTCGC-1",1,2,3,2,1,1
"TAAGGGCTGCTGTA-1",2,1,1,4,5,5
"TAAGGGCTTTACTC-1",2,1,1,1,2,3
"TAAGTAACCGAGAG-1",3,3,4,3,4,2
"TAAGTAACCTCCAC-1",3,3,4,3,4,2
"TAAGTAACCTGTAG-1",2,1,1,1,2,3
"TAAGTAACTTGTCT-1",2,1,1,1,5,5
"TAATGATGAGCGGA-1",2,1,1,1,3,4
"TAATGCCTCATGAC-1",2,1,1,1,2,3
"TAATGCCTCGTCTC-1",3,4,5,6,7,7
"TAATGTGAAGATGA-1",2,1,1,1,2,3
"TAATGTGACTGCAA-1",1,2,3,2,1,1
"TAATGTGATTACTC-1",2,1,2,1,3,5
"TACAAATGGGTACT-1",2,1,1,1,3,4
"TACAATGAAAACAG-1",1,2,3,2,1,1
"TACAATGACTTAGG-1",2,1,1,1,2,4
"TACAATGATGCTAG-1",3,4,5,4,5,6
"TACACACTCACACA-1",2,1,1,1,2,3
"TACACACTCTTACT-1",2,1,1,1,2,3
"TACATAGAACGCAT-1",2,4,5,4,5,6
"TACATCACACGGGA-1",2,1,1,1,2,3
"TACATCACCTGTTT-1",1,2,3,5,6,8
"TACATCACGCTAAC-1",3,3,4,3,4,2
"TACATCACTGAACC-1",1,2,3,5,6,8
"TACCATTGAGGTTC-1",2,1,1,1,2,3
"TACCATTGCGGGAA-1",1,2,3,2,1,1
"TACCATTGGGGATG-1",1,2,3,2,1,1
"TACCATTGTGAGGG-1",1,2,3,2,1,1
"TACCGGCTGTTGGT-1",2,1,1,1,2,3
"TACGAGTGATCTCT-1",2,1,1,1,2,3
"TACGAGTGATGCTG-1",1,2,3,5,6,8
"TACGAGTGCGGAGA-1",2,1,1,1,2,3
"TACGAGTGGTTGGT-1",2,1,1,1,3,3
"TACGATCTAGTGTC-1",2,1,1,1,2,3
"TACGATCTCACTGA-1",1,2,3,2,1,1
"TACGATCTTACGAC-1",3,4,5,1,3,6
"TACGCAGAGAATCC-1",3,4,5,6,7,6
"TACGCCACATTCCT-1",2,1,1,1,2,3
"TACGCCACTCCCAC-1",1,2,3,5,6,8
"TACGCCACTCCGAA-1",3,3,4,3,4,2
"TACGGAACGCGTTA-1",3,3,4,3,4,2
"TACGGCCTGGGACA-1",3,4,5,6,7,7
"TACGTACTACGGAG-1",2,1,2,1,2,3
"TACGTACTCAGTTG-1",2,1,1,1,3,4
"TACGTACTCCCGTT-1",3,3,4,3,4,2
"TACGTTACAGAAGT-1",2,1,1,1,3,4
"TACGTTACCAAGCT-1",1,2,3,2,1,1
"TACTAAGAAAGGTA-1",3,3,4,3,4,2
"TACTAAGAATCACG-1",2,1,1,1,2,3
"TACTAAGATGATGC-1",1,2,3,2,1,1
"TACTAAGATTGCGA-1",2,1,1,1,2,3
"TACTACACGAGAGC-1",2,1,1,1,3,4
"TACTACACTTACCT-1",3,3,4,3,4,2
"TACTACTGAACCTG-1",1,2,3,2,1,1
"TACTACTGATGTCG-1",3,4,5,6,7,6
"TACTACTGATTCTC-1",2,1,1,1,2,3
"TACTACTGTATGGC-1",2,1,1,1,2,3
"TACTCAACGGTCTA-1",1,2,3,2,1,1
"TACTCAACTGCTAG-1",3,3,4,3,4,2
"TACTCCCTCAGTTG-1",2,1,1,1,2,3
"TACTCTGAATCGAC-1",3,4,5,6,7,7
"TACTCTGACGAGTT-1",2,1,1,1,3,4
"TACTCTGATTGACG-1",3,3,4,3,4,2
"TACTGGGATCGATG-1",2,1,1,1,3,3
"TACTGTTGAAAGCA-1",2,1,1,1,2,3
"TACTGTTGAGGCGA-1",3,4,5,6,7,7
"TACTGTTGCTGAAC-1",2,1,1,1,2,3
"TACTTGACTCCTCG-1",3,4,5,4,5,6
"TACTTGACTGGTGT-1",3,3,4,3,4,2
"TACTTTCTTTTGGG-1",3,4,5,4,5,6
"TAGAAACTAATCGC-1",2,1,1,1,2,3
"TAGAAACTGCTTCC-1",1,2,3,2,1,1
"TAGAAACTGGGATG-1",3,4,5,6,7,6
"TAGAATTGCGACAT-1",2,1,1,1,2,4
"TAGAATTGTATCGG-1",2,1,1,1,2,3
"TAGACGTGCTTGAG-1",2,1,1,1,2,3
"TAGACGTGTCGCTC-1",2,1,1,1,3,4
"TAGAGCACCTTACT-1",3,3,4,3,4,2
"TAGATTGACTTGTT-1",3,3,4,3,4,2
"TAGATTGAGGCATT-1",3,4,5,4,5,6
"TAGCATCTCAGCTA-1",3,4,5,6,7,7
"TAGCATCTCCCTCA-1",2,1,1,1,3,5
"TAGCATCTGCTGTA-1",1,2,3,5,6,8
"TAGCATCTGGGACA-1",2,1,1,1,2,3
"TAGCATCTTGTCGA-1",2,1,1,1,2,3
"TAGCCCACAAAAGC-1",2,1,1,1,2,3
"TAGCCCACAGCCAT-1",3,4,5,4,5,6
"TAGCCCACAGCTAC-1",3,4,5,6,7,7
"TAGCCCACCCACAA-1",2,1,1,1,2,3
"TAGCCCTGCGGAGA-1",2,1,1,4,5,5
"TAGCCGCTTACGAC-1",2,1,1,1,2,3
"TAGCCGCTTACTTC-1",3,4,5,4,5,6
"TAGCCGCTTTCCAT-1",1,2,3,2,1,1
"TAGCTACTGAATAG-1",3,3,4,3,4,2
"TAGCTACTGTAGCT-1",2,1,1,1,2,3
"TAGCTACTTTTGCT-1",3,4,5,4,5,6
"TAGGACTGTGCTGA-1",2,1,1,4,5,5
"TAGGAGCTAAGGCG-1",3,3,4,3,4,2
"TAGGAGCTGAGGGT-1",2,1,1,1,2,3
"TAGGAGCTTGCATG-1",3,3,4,3,4,2
"TAGGCAACCGTCTC-1",3,3,4,3,4,2
"TAGGCATGCTCTCG-1",3,2,3,2,1,1
"TAGGCATGGCGAGA-1",3,4,5,4,5,6
"TAGGCTGATGCCTC-1",1,2,3,2,1,1
"TAGGGACTGAACTC-1",3,4,5,6,7,7
"TAGGTCGACACTGA-1",2,1,1,1,2,3
"TAGGTCGAGGATCT-1",3,3,4,3,4,2
"TAGGTGACACACTG-1",2,1,1,1,3,4
"TAGGTGACACGTTG-1",3,3,4,3,4,2
"TAGGTGTGTTCTGT-1",2,1,1,1,2,3
"TAGGTTCTGAAGGC-1",2,1,1,1,3,4
"TAGGTTCTTCTTAC-1",1,2,3,5,6,8
"TAGGTTCTTGCTGA-1",1,2,3,2,1,1
"TAGTAAACCTCGCT-1",2,1,1,1,2,3
"TAGTAAACGTCACA-1",2,1,1,1,2,5
"TAGTAATGAGATCC-1",2,1,1,1,2,3
"TAGTACCTAAGAAC-1",1,2,3,2,1,1
"TAGTATGATCTTAC-1",3,3,4,3,4,2
"TAGTATGATTCTCA-1",2,1,1,1,3,4
"TAGTCTTGGCTGTA-1",2,1,1,1,2,3
"TAGTCTTGGGACTT-1",2,1,2,4,5,5
"TAGTCTTGTGGAAA-1",3,4,5,4,5,6
"TAGTGGTGAAGTGA-1",3,4,5,6,7,7
"TAGTTAGAACCACA-1",3,4,5,6,7,7
"TAGTTAGATGAACC-1",2,1,1,1,2,3
"TATAAGACAACAGA-1",3,4,5,1,3,6
"TATAAGACAGCTCA-1",1,2,3,5,6,8
"TATAAGTGACACCA-1",1,2,3,5,6,8
"TATAAGTGTATCGG-1",1,2,3,2,1,1
"TATAAGTGTGGTGT-1",1,2,3,5,6,8
"TATACAGAACCCTC-1",3,4,5,4,5,6
"TATACAGAAGAACA-1",2,1,1,1,2,3
"TATACAGATCCAGA-1",2,1,1,1,2,3
"TATACCACCTGATG-1",3,3,4,3,4,2
"TATACGCTACCAAC-1",2,1,1,1,3,4
"TATAGATGGACGGA-1",2,1,1,1,3,4
"TATAGATGTTCCGC-1",1,2,3,5,6,8
"TATCCAACCAGCTA-1",1,2,3,2,1,1
"TATCCAACTCTCTA-1",3,4,5,4,5,6
"TATCGACTACTAGC-1",3,4,5,1,3,5
"TATCGACTCGATAC-1",1,2,3,5,6,8
"TATCGTACAGATGA-1",3,4,5,4,5,6
"TATCGTACATTCCT-1",1,2,3,2,1,1
"TATCTCGAGAGATA-1",2,1,1,1,2,3
"TATCTGACAGGTTC-1",3,4,5,4,5,6
"TATCTGACTGTTTC-1",3,4,5,4,5,6
"TATCTTCTAAACAG-1",2,1,1,1,2,3
"TATGAATGGAGGAC-1",3,4,5,6,7,7
"TATGAATGTTTGCT-1",1,2,3,5,6,8
"TATGCGGATAACCG-1",2,1,1,1,3,4
"TATGGGTGCATCAG-1",3,4,5,6,7,7
"TATGGGTGCTAGCA-1",3,3,4,3,4,2
"TATGGTCTCTACCC-1",2,1,1,1,2,3
"TATGTCACGGAACG-1",3,3,4,3,4,2
"TATGTCACTAACCG-1",1,2,3,2,1,1
"TATGTCACTTCTCA-1",3,3,4,3,4,2
"TATGTGCTCCGATA-1",1,2,3,2,1,1
"TATGTGCTGGATTC-1",2,1,1,1,2,3
"TATTGCTGAAGAAC-1",1,2,3,2,1,1
"TATTGCTGCCGTTC-1",3,3,4,3,4,2
"TATTGCTGTCTGGA-1",2,1,1,1,2,3
"TATTGCTGTGCACA-1",3,4,5,4,5,6
"TATTTCCTATTGGC-1",1,2,3,2,1,1
"TATTTCCTGGAGGT-1",3,4,5,6,7,7
"TATTTCCTGGTGTT-1",2,1,1,1,2,3
"TCAACACTGTTTGG-1",3,4,5,6,7,7
"TCAAGGACAGCGTT-1",2,1,1,1,2,3
"TCAAGGACATTCTC-1",3,4,5,6,7,6
"TCAAGGACGGTGTT-1",1,2,3,2,1,1
"TCAATCACACTCTT-1",3,4,5,4,5,6
"TCAATCACAGTCGT-1",1,2,3,5,6,8
"TCACAACTATGTGC-1",2,1,1,1,2,3
"TCACAACTTTGCTT-1",1,2,3,2,1,1
"TCACATACACTTTC-1",2,1,2,4,5,6
"TCACATACAGGGTG-1",2,1,1,1,2,3
"TCACCCGAGACGGA-1",1,2,3,2,1,1
"TCACCGTGCTCGCT-1",1,2,3,5,6,8
"TCACCTCTACGACT-1",3,4,5,4,5,6
"TCACCTCTTCCAAG-1",1,2,3,5,6,8
"TCACGAGAGGAGGT-1",3,3,4,3,4,2
"TCACTATGGGGCAA-1",3,4,5,4,5,6
"TCACTATGGTTGTG-1",3,3,4,3,4,2
"TCAGACGACGCTAA-1",2,1,1,1,3,4
"TCAGACGACGTTAG-1",3,4,5,6,7,7
"TCAGAGACTCCAGA-1",2,1,1,1,2,3
"TCAGCAGACTCCAC-1",2,1,1,1,2,3
"TCAGCGCTCTAGTG-1",3,4,5,4,5,6
"TCAGCGCTGGATCT-1",3,3,4,3,4,2
"TCAGCGCTGGTATC-1",3,4,5,4,5,6
"TCAGGATGAAGTAG-1",2,1,1,1,2,3
"TCAGGATGCCTTTA-1",1,2,3,5,6,8
"TCAGTGGAAGATCC-1",3,4,5,6,3,5
"TCAGTTACCTACGA-1",1,2,3,2,1,1
"TCAGTTACTAGAAG-1",2,1,1,1,3,3
"TCATCAACCCGATA-1",2,1,1,1,2,3
"TCATCAACTGTTCT-1",1,2,3,2,1,1
"TCATCATGCAGTTG-1",2,1,1,1,3,3
"TCATCCCTTACTGG-1",2,1,1,4,3,5
"TCATTCGATACAGC-1",1,2,3,5,6,8
"TCCACGTGGAAACA-1",2,1,1,1,2,3
"TCCACTCTACACTG-1",2,1,1,1,2,3
"TCCACTCTGAGCTT-1",1,2,3,2,1,1
"TCCACTCTTACTTC-1",3,3,4,3,4,2
"TCCATAACAAAGTG-1",2,1,1,1,2,3
"TCCATAACCGTAGT-1",3,3,4,3,4,2
"TCCATAACGATGAA-1",2,1,1,1,2,3
"TCCATAACTACGCA-1",2,1,1,1,2,3
"TCCATCCTCCCTAC-1",3,4,5,6,7,6
"TCCCACGATCATTC-1",2,1,1,1,2,3
"TCCCATCTCAAAGA-1",1,2,3,2,1,1
"TCCCGAACACAGTC-1",3,4,5,6,7,7
"TCCCGAACTTCGCC-1",1,2,3,5,6,8
"TCCCGATGAGATCC-1",2,1,1,1,2,3
"TCCCGATGCCTGAA-1",1,2,3,2,1,1
"TCCCTACTCAACTG-1",3,3,4,3,4,2
"TCCGAAGACAATCG-1",1,2,3,2,1,1
"TCCGAAGACGTTAG-1",2,1,1,1,2,3
"TCCGGACTGAGGTG-1",2,1,1,1,3,4
"TCCGGACTGTACGT-1",3,4,5,4,5,6
"TCCTAAACATCGAC-1",2,1,2,4,5,6
"TCCTAAACCGAGAG-1",2,1,1,1,3,4
"TCCTAAACCGCATA-1",3,4,5,6,7,7
"TCCTAATGGTTTGG-1",3,4,5,6,7,7
"TCCTACCTGTCGTA-1",2,1,1,1,2,3
"TCCTATGAAAAGCA-1",3,4,5,6,7,6
"TCGAATCTCTGGTA-1",3,4,5,6,7,6
"TCGACCTGCCGATA-1",1,2,3,5,6,8
"TCGACGCTTCTATC-1",1,2,3,2,1,1
"TCGACGCTTTGACG-1",2,1,1,1,2,3
"TCGAGAACGACAGG-1",2,1,1,1,3,4
"TCGAGAACGTTAGC-1",2,1,1,1,2,3
"TCGAGCCTATCAGC-1",3,3,4,3,4,2
"TCGAGCCTGCGAGA-1",3,4,5,4,5,6
"TCGAGCCTTGTGAC-1",2,1,1,1,2,3
"TCGATACTATTCCT-1",2,1,2,1,2,5
"TCGATACTTGCACA-1",2,1,1,1,3,4
"TCGATTTGATGCCA-1",1,2,3,2,1,1
"TCGATTTGCACTCC-1",2,1,1,1,2,3
"TCGATTTGCAGCTA-1",3,4,5,6,7,7
"TCGATTTGCCTACC-1",1,2,3,2,1,1
"TCGATTTGTCGTGA-1",3,3,4,3,4,2
"TCGCAGCTAGATCC-1",3,4,5,4,5,6
"TCGCCATGAGACTC-1",2,1,1,1,2,3
"TCGCCATGTGGTCA-1",3,3,4,3,4,2
"TCGGACCTAACAGA-1",2,1,1,1,3,4
"TCGGACCTATAAGG-1",3,3,4,3,4,2
"TCGGACCTGTACAC-1",2,1,1,1,3,4
"TCGGTAGAGTAGGG-1",2,1,1,1,2,3
"TCGGTAGATCCCAC-1",3,3,4,3,4,2
"TCGTAGGATCGACA-1",2,1,1,1,3,4
"TCGTTATGGACAAA-1",2,1,1,1,2,4
"TCTAACACCAGTTG-1",3,4,5,6,7,7
"TCTAACACGAGCAG-1",1,2,3,2,1,1
"TCTAACTGAACCAC-1",2,1,2,4,5,5
"TCTAAGCTAATGCC-1",2,1,1,1,3,4
"TCTAAGCTTAGTCG-1",3,4,5,6,7,6
"TCTAAGCTTCTAGG-1",1,2,3,5,6,8
"TCTAAGCTTGTTCT-1",1,2,3,2,1,1
"TCTAAGCTTTCGCC-1",3,3,4,3,4,2
"TCTACAACGACTAC-1",1,2,3,2,1,1
"TCTAGACTTAGAAG-1",1,2,3,2,1,1
"TCTAGTTGCACCAA-1",1,2,3,5,6,8
"TCTATGTGAAGAGT-1",1,2,3,2,1,1
"TCTATGTGAGTCTG-1",3,4,5,4,5,6
"TCTCAAACCTAAGC-1",3,3,4,3,4,2
"TCTCTAGAATTTCC-1",2,1,1,1,3,4
"TCTGATACACGTGT-1",2,1,1,1,2,3
"TCTGATACTCGCCT-1",2,1,1,1,2,3
"TCTTACGAACCTGA-1",1,2,3,2,1,1
"TCTTCAGAGCTACA-1",1,2,3,2,1,1
"TCTTGATGCGGAGA-1",3,4,5,4,5,6
"TGAAATTGGTGAGG-1",1,2,3,2,1,1
"TGAACCGAAAACGA-1",2,1,1,1,2,3
"TGAACCGACTACTT-1",1,2,3,5,6,8
"TGAACCGATTCGGA-1",1,2,3,5,6,8
"TGAAGCACTCACGA-1",3,4,5,4,5,6
"TGAAGCTGAACGAA-1",2,1,1,1,2,3
"TGAAGCTGCATGGT-1",3,3,4,3,4,2
"TGAAGCTGCGTAAC-1",2,1,1,1,2,3
"TGAATAACCACTTT-1",2,1,1,1,2,3
"TGAATAACTCCCAC-1",3,4,5,6,7,7
"TGACACGACCTTAT-1",3,3,4,3,4,2
"TGACCAGACAACCA-1",2,1,1,1,3,4
"TGACCAGAGGATTC-1",2,1,1,1,2,3
"TGACCGCTAAAAGC-1",2,1,1,1,3,4
"TGACCGCTCTGCAA-1",2,1,1,1,2,3
"TGACGATGCAAAGA-1",1,2,3,2,1,1
"TGACGCCTGTACCA-1",2,1,1,1,3,4
"TGACGCCTTTACTC-1",2,1,1,1,3,3
"TGACTGGAAGAGAT-1",1,2,3,2,1,1
"TGACTGGACCGTAA-1",2,1,1,1,3,4
"TGACTGGACGCAAT-1",2,1,1,1,2,3
"TGACTGGAGGACAG-1",3,3,4,3,4,2
"TGACTGGATTCTCA-1",2,1,1,1,3,4
"TGACTTACACACCA-1",2,1,1,1,3,4
"TGACTTACAGTCTG-1",1,2,3,2,1,1
"TGACTTTGCGCATA-1",2,1,1,1,2,3
"TGACTTTGTTTGTC-1",2,1,1,1,3,4
"TGAGACACAAGGTA-1",2,1,1,1,3,4
"TGAGACACTCAAGC-1",3,4,5,4,5,6
"TGAGCTGAATGCTG-1",1,2,3,5,6,8
"TGAGCTGACTGGAT-1",1,2,3,2,1,1
"TGAGCTGATGCTAG-1",1,2,3,2,1,1
"TGAGGACTCTCATT-1",1,2,3,2,1,1
"TGAGGACTTCATTC-1",2,1,1,1,3,4
"TGAGGTACGAACCT-1",1,2,3,5,6,8
"TGAGTCGAGTTACG-1",3,3,4,3,4,2
"TGAGTGACTGAGCT-1",2,1,1,1,2,3
"TGATAAACGAATCC-1",2,1,1,1,2,3
"TGATAAACTCCGTC-1",3,4,5,6,7,7
"TGATAAACTTTCAC-1",2,1,1,1,2,3
"TGATACCTCACTAG-1",1,2,3,2,1,1
"TGATACCTGTTGGT-1",2,1,1,1,2,3
"TGATACCTTATGCG-1",2,1,1,1,2,3
"TGATACCTTGAAGA-1",2,1,1,1,2,3
"TGATATGAACCTTT-1",2,1,1,1,2,3
"TGATCACTAGCATC-1",3,4,5,4,5,6
"TGATCACTCTCGCT-1",2,1,1,1,2,3
"TGATCACTTCTACT-1",3,3,4,3,4,2
"TGATCGGACTGACA-1",1,2,3,5,6,8
"TGATCGGAGGAGCA-1",3,3,4,3,4,2
"TGATCGGATATGCG-1",1,2,3,5,6,8
"TGATTAGACATTGG-1",2,1,1,1,3,4
"TGATTAGATGACTG-1",3,3,4,3,4,2
"TGATTAGATGCTAG-1",2,1,1,1,2,3
"TGATTCACTATGCG-1",2,1,1,1,2,3
"TGATTCACTGTCAG-1",3,3,4,3,4,2
"TGATTCTGCCGAAT-1",2,1,1,1,3,4
"TGATTCTGCTCTTA-1",2,1,1,1,2,3
"TGCAAGTGAGAACA-1",2,1,1,1,2,3
"TGCAAGTGGGTAGG-1",1,2,3,2,1,1
"TGCAATCTTCAGGT-1",1,2,3,2,1,1
"TGCACAGACGACAT-1",3,4,5,6,7,7
"TGCCAAGAGCAGTT-1",1,2,3,5,6,8
"TGCCAAGATCTCTA-1",2,1,1,1,3,4
"TGCCACTGAACGTC-1",2,1,1,1,2,3
"TGCCACTGCGATAC-1",3,4,5,6,7,7
"TGCCAGCTTGGCAT-1",2,1,1,1,3,4
"TGCCCAACAGCAAA-1",2,1,1,1,3,4
"TGCCCAACCGCATA-1",1,2,3,5,6,8
"TGCCGACTCTCCCA-1",3,3,4,3,4,2
"TGCGAAACAGTCAC-1",3,3,4,3,4,2
"TGCGAAACGTTGCA-1",3,3,4,3,4,2
"TGCGATGAACGGTT-1",2,1,1,1,3,4
"TGCGATGACCTCGT-1",2,1,1,1,2,3
"TGCGATGACTAGTG-1",3,3,4,3,4,2
"TGCGATGACTGCTC-1",3,3,4,3,4,2
"TGCGATGACTTGCC-1",3,3,4,3,4,2
"TGCGATGAGTGCTA-1",1,2,3,2,1,1
"TGCGCACTCTTGAG-1",1,2,3,2,1,1
"TGCGTAGAATAAGG-1",1,2,3,2,1,1
"TGCGTAGACGGGAA-1",3,3,4,3,4,2
"TGCGTAGATGGTCA-1",1,2,3,5,6,8
"TGCTAGGAAACCGT-1",3,4,5,4,5,6
"TGCTAGGATAGTCG-1",2,1,1,1,2,3
"TGCTATACGGTTCA-1",1,2,3,2,1,1
"TGCTATACTGCTGA-1",3,4,5,4,5,6
"TGCTGAGAGAGCAG-1",3,4,5,6,7,7
"TGCTGAGATTATCC-1",2,1,1,1,2,3
"TGGAAAGACTCTCG-1",3,3,4,3,4,2
"TGGAAAGAGCGATT-1",2,1,1,1,3,4
"TGGAAAGAGGTCAT-1",1,2,3,5,6,8
"TGGAAAGATATGGC-1",2,1,1,1,2,3
"TGGAACACAAACAG-1",3,4,5,6,7,7
"TGGAACACGCTAAC-1",3,4,5,4,5,6
"TGGAAGCTCAGATC-1",2,1,1,1,2,3
"TGGACCCTACACTG-1",1,2,3,2,1,1
"TGGACCCTCATGGT-1",2,1,2,4,5,5
"TGGACCCTGGTACT-1",1,2,3,2,1,1
"TGGACTGAGTATGC-1",2,1,1,1,3,4
"TGGAGACTATCAGC-1",1,2,3,2,1,1
"TGGAGACTTCAAGC-1",2,1,1,1,2,3
"TGGAGACTTGACCA-1",3,4,5,4,5,6
"TGGAGGGACGGAGA-1",1,2,3,2,1,1
"TGGAGGGAGCTATG-1",3,4,2,1,2,3
"TGGATCGATAAAGG-1",2,1,1,1,2,3
"TGGATGTGACCTAG-1",3,3,4,3,4,2
"TGGATGTGTGAAGA-1",3,3,4,3,4,2
"TGGATTCTCATACG-1",3,4,5,4,5,6
"TGGCAATGCTTGTT-1",3,3,4,3,4,2
"TGGCACCTTCACGA-1",3,4,5,4,5,6
"TGGCACCTTCAGTG-1",1,2,3,2,1,1
"TGGGTATGAAGAGT-1",2,1,1,1,3,4
"TGGGTATGCACAAC-1",2,1,1,1,3,4
"TGGGTATGGTACGT-1",3,3,4,3,4,2
"TGGGTATGTTTGGG-1",1,2,3,2,1,1
"TGGTAGACATGCCA-1",2,1,1,1,2,3
"TGGTAGACCCTCAC-1",3,4,5,6,7,7
"TGGTAGACCTGATG-1",2,1,1,1,3,4
"TGGTAGTGCACTGA-1",1,2,3,5,6,8
"TGGTATCTAAACAG-1",2,1,1,1,2,3
"TGGTATCTCTTCCG-1",2,1,1,1,2,3
"TGGTCAGACCCAAA-1",2,1,1,1,2,3
"TGGTTACTGACGTT-1",1,2,3,2,1,1
"TGGTTACTGTTCTT-1",2,1,1,1,2,3
"TGTAACCTAGAGGC-1",2,1,1,1,2,3
"TGTAACCTTGCCTC-1",1,2,3,2,1,1
"TGTAATGACACAAC-1",3,4,5,6,7,7
"TGTAATGAGGTAAA-1",3,4,5,6,7,7
"TGTACTTGCTCTAT-1",1,2,3,5,6,8
"TGTAGGTGCGAGAG-1",3,3,4,3,4,2
"TGTAGGTGCTATGG-1",2,1,1,1,3,4
"TGTAGGTGCTCTAT-1",1,2,3,2,1,1
"TGTAGGTGTGCTGA-1",2,1,1,1,2,3
"TGTAGTCTTCCAGA-1",2,1,1,1,2,3
"TGTAGTCTTGCACA-1",3,4,5,4,5,6
"TGTATCTGTTAGGC-1",2,1,1,1,3,4
"TGTATGCTCATGGT-1",3,3,4,3,4,2
"TGTATGCTGTAGGG-1",2,1,1,4,5,5
"TGTATGCTTTCATC-1",2,1,1,1,3,4
"TGTCAGGAATACCG-1",2,1,1,1,2,3
"TGTCAGGAGATGAA-1",1,2,3,5,6,8
"TGTCTAACCCCTTG-1",2,1,1,1,2,3
"TGTGACGATTCTCA-1",3,4,5,4,5,6
"TGTGAGACTGTCAG-1",1,2,3,5,6,8
"TGTGAGACTTGAGC-1",2,1,1,1,2,3
"TGTGAGTGACCACA-1",2,1,1,1,2,3
"TGTGAGTGAGTGCT-1",1,2,3,5,6,8
"TGTGAGTGGAGATA-1",3,4,5,4,5,6
"TGTGATCTCTCTAT-1",3,3,4,3,4,2
"TGTGATCTGACACT-1",2,1,2,4,5,6
"TGTGGATGGCCAAT-1",3,3,4,3,4,2
"TGTTAAGACAAAGA-1",1,2,3,2,1,1
"TGTTAAGATAAGGA-1",1,2,3,2,1,1
"TGTTACACCGCATA-1",1,2,3,5,6,8
"TGTTACACGACTAC-1",1,2,3,5,6,8
"TGTTACTGGCTACA-1",3,4,5,4,5,6
"TGTTACTGTAGTCG-1",3,4,5,6,7,6
"TTAACCACCGTAAC-1",2,1,1,1,2,3
"TTAACCACTAAGGA-1",3,4,5,6,7,6
"TTAACCACTCAGAC-1",3,4,5,4,5,6
"TTACACACGTGTTG-1",2,1,1,1,2,3
"TTACACACTCCTAT-1",2,1,1,1,2,3
"TTACCATGAATCGC-1",1,2,3,2,1,1
"TTACCATGGTTGAC-1",2,1,1,1,2,3
"TTACCATGTGTCTT-1",3,4,5,4,3,5
"TTACCATGTTGTGG-1",3,3,4,3,4,2
"TTACGACTGAGAGC-1",2,1,1,1,3,4
"TTACGACTTGACAC-1",1,2,3,2,1,1
"TTACGTACGTTCAG-1",2,1,1,4,2,4
"TTACTCGAAGAATG-1",1,2,3,2,1,1
"TTACTCGACGCAAT-1",1,2,3,2,1,1
"TTACTCGAGGGTGA-1",2,1,1,1,2,3
"TTACTCGATCTACT-1",3,4,5,6,7,7
"TTAGAATGTGGTGT-1",2,1,1,1,2,3
"TTAGAATGTGTAGC-1",2,1,1,1,2,3
"TTAGACCTCCTACC-1",2,1,1,1,2,3
"TTAGACCTCCTTTA-1",1,2,3,2,1,1
"TTAGCTACAACCGT-1",2,1,1,1,2,3
"TTAGCTACTGTCCC-1",1,2,3,5,6,8
"TTAGCTACTTTCGT-1",2,1,1,1,2,3
"TTAGGGACGCGAAG-1",3,4,5,4,5,6
"TTAGGGTGCTGGAT-1",3,3,4,3,4,2
"TTAGGGTGTCCTGC-1",1,2,3,2,1,1
"TTAGGTCTACTTTC-1",1,2,3,2,1,1
"TTAGTCACCAGTTG-1",2,1,1,1,2,3
"TTAGTCTGAAAGCA-1",3,3,4,3,4,2
"TTAGTCTGCCAACA-1",3,4,5,6,7,7
"TTAGTCTGTGCACA-1",2,1,1,1,3,4
"TTATCCGACTAGTG-1",3,3,4,3,4,2
"TTATCCGAGAAAGT-1",1,2,3,5,1,1
"TTATGAGAGATAAG-1",2,1,2,1,3,4
"TTATGCACGTCACA-1",3,3,4,3,4,2
"TTATGGCTTATGGC-1",1,2,3,2,1,1
"TTATTCCTATGCTG-1",1,2,3,2,1,1
"TTATTCCTGGACAG-1",3,3,4,3,4,2
"TTATTCCTGGTACT-1",3,3,4,3,4,2
"TTATTCCTTCGTGA-1",2,1,1,1,2,3
"TTCAAAGATAAAGG-1",3,4,5,4,5,6
"TTCAACACAACAGA-1",2,1,1,1,2,3
"TTCAACACCCCAAA-1",1,2,3,2,1,1
"TTCAACACGGACGA-1",1,2,3,5,6,8
"TTCAAGCTAAGAAC-1",1,2,3,2,1,1
"TTCAAGCTAGATGA-1",2,1,1,1,3,3
"TTCAAGCTGTTGAC-1",2,1,1,4,5,6
"TTCAAGCTTGATGC-1",2,1,1,1,2,3
"TTCAAGCTTTCGCC-1",2,1,1,1,2,3
"TTCACAACCCGTTC-1",1,2,3,2,1,1
"TTCACAACGTCTGA-1",1,2,3,5,6,8
"TTCAGACTACCCAA-1",2,1,1,1,3,3
"TTCAGACTCTCGAA-1",2,1,1,1,2,3
"TTCAGTACCGACTA-1",2,1,1,1,2,3
"TTCAGTACTCAAGC-1",2,1,1,1,2,3
"TTCAGTACTCCTAT-1",1,2,3,2,1,1
"TTCAGTTGCCAAGT-1",2,1,1,1,2,3
"TTCAGTTGTCCTTA-1",1,2,3,2,1,1
"TTCAGTTGTCTAGG-1",2,1,1,4,3,5
"TTCAGTTGTCTCGC-1",3,3,4,3,4,2
"TTCATCGAGGTGGA-1",1,2,3,2,1,1
"TTCATGTGTGGTGT-1",2,1,1,1,3,4
"TTCATTCTATGTCG-1",1,2,3,2,1,1
"TTCATTCTTCTCTA-1",2,1,1,1,2,3
"TTCCAAACCTATGG-1",1,2,3,2,1,1
"TTCCAAACCTCCCA-1",3,3,4,3,4,2
"TTCCAAACTCCCAC-1",3,4,5,6,7,7
"TTCCAAACTTGACG-1",3,4,5,6,7,6
"TTCCATGACGAGAG-1",1,2,3,2,1,1
"TTCCATGACTGTCC-1",2,1,1,4,5,5
"TTCCCACTTGAGGG-1",3,4,5,6,7,7
"TTCCCACTTGTCTT-1",1,2,3,2,1,1
"TTCCTAGAAAGTGA-1",2,1,1,1,2,3
"TTCCTAGACTAGTG-1",1,2,3,5,6,8
"TTCGAGGACTCTAT-1",2,1,1,1,2,3
"TTCGAGGAGGGCAA-1",2,1,1,4,5,4
"TTCGAGGATAGAAG-1",1,2,3,5,6,8
"TTCGATTGAGCATC-1",2,1,1,1,2,3
"TTCGGAGAATGCCA-1",1,2,3,2,1,1
"TTCGGAGATGTGCA-1",2,1,1,1,2,3
"TTCGTATGAAAAGC-1",3,4,5,6,7,6
"TTCGTATGGATAGA-1",3,4,5,6,7,6
"TTCGTATGGTCTGA-1",2,1,1,1,2,3
"TTCGTATGTCCTTA-1",1,2,3,2,1,1
"TTCTACGAACGTAC-1",2,1,1,1,3,4
"TTCTACGAGTTGGT-1",2,1,1,1,2,4
"TTCTAGTGACACGT-1",2,1,1,1,3,4
"TTCTAGTGCATGAC-1",1,2,3,2,1,1
"TTCTAGTGGAGAGC-1",3,4,5,6,7,7
"TTCTAGTGGTCACA-1",1,2,3,2,1,1
"TTCTCAGAAGAGAT-1",2,1,1,1,2,3
"TTCTCAGAAGCATC-1",3,3,4,3,4,2
"TTCTCAGATGGAGG-1",2,1,1,1,3,4
"TTCTGATGGAGACG-1",3,4,5,6,7,7
"TTCTTACTCTGGAT-1",1,2,3,5,6,8
"TTGAACCTCCTTGC-1",3,3,4,3,4,2
"TTGAATGAACTACG-1",1,2,3,5,6,8
"TTGAATGACTTACT-1",2,1,1,1,2,3
"TTGAATGATCTCAT-1",3,3,4,3,4,2
"TTGACACTCTGTAG-1",2,1,1,1,3,4
"TTGACACTGATAAG-1",3,3,4,3,4,2
"TTGAGGACAGAACA-1",1,2,3,2,1,1
"TTGAGGACTACGCA-1",1,2,3,2,1,1
"TTGAGGTGGACGGA-1",2,1,1,1,2,3
"TTGCATTGAGCTAC-1",3,4,5,4,5,6
"TTGCATTGCTAAGC-1",1,2,3,2,1,1
"TTGCATTGTGACTG-1",2,1,1,1,2,3
"TTGCTAACACCAAC-1",3,4,5,4,5,6
"TTGCTAACACGCTA-1",1,2,3,5,6,8
"TTGCTAACCACTCC-1",2,1,1,1,2,3
"TTGCTATGGTACGT-1",1,2,3,2,1,1
"TTGCTATGGTAGGG-1",1,2,3,5,6,8
"TTGGAGACCAATCG-1",2,1,1,1,2,3
"TTGGAGACGCTATG-1",1,2,3,2,1,1
"TTGGAGACTATGGC-1",3,3,4,3,4,2
"TTGGGAACTGAACC-1",2,1,1,1,2,3
"TTGGTACTACTGGT-1",1,2,3,2,1,1
"TTGGTACTCTTAGG-1",2,1,1,1,2,3
"TTGGTACTGAATCC-1",3,3,4,3,4,2
"TTGGTACTGGATTC-1",3,3,4,3,4,2
"TTGTACACGTTGTG-1",3,3,4,3,4,2
"TTGTACACTTGCAG-1",2,1,1,1,2,3
"TTGTAGCTAGCTCA-1",2,1,1,1,3,4
"TTGTAGCTCTCTTA-1",3,3,4,3,4,2
"TTGTCATGGACGGA-1",3,4,5,6,7,7
"TTTAGAGATCCTCG-1",3,3,4,3,4,2
"TTTAGCTGATACCG-1",2,1,1,1,2,3
"TTTAGCTGGATACC-1",1,2,3,2,1,1
"TTTAGCTGTACTCT-1",1,2,3,2,1,1
"TTTAGGCTCCTTTA-1",1,2,3,2,1,1
"TTTATCCTGTTGTG-1",1,2,3,2,1,1
"TTTCACGAGGTTCA-1",2,1,1,1,2,3
"TTTCAGTGGAAGGC-1",3,4,5,4,5,6
"TTTCAGTGTCACGA-1",3,3,4,3,4,2
"TTTCAGTGTCTATC-1",1,2,3,2,1,1
"TTTCAGTGTGCAGT-1",3,3,4,3,4,2
"TTTCCAGAGGTGAG-1",2,1,1,1,2,3
"TTTCGAACACCTGA-1",3,3,4,3,4,2
"TTTCGAACTCTCAT-1",1,2,3,2,1,1
"TTTCTACTGAGGCA-1",3,3,4,3,4,2
"TTTCTACTTCCTCG-1",3,3,4,3,4,2
"TTTGCATGAGAGGC-1",3,3,4,3,4,2
"TTTGCATGCCTCAC-1",2,1,1,1,2,3
